回号,第1数字,第2数字,第3数字,第4数字
1,1,1,4,9
2,7,9,2,1
3,0,0,9,7
4,0,1,7,1
5,0,2,6,5
6,5,4,8,2
7,3,9,5,0
8,7,5,0,7
9,2,6,6,4
10,2,4,3,6
11,0,2,5,4
12,9,7,2,2
13,4,6,7,3
14,1,4,0,9
15,6,4,1,9
16,0,5,2,4
17,8,6,9,7
18,3,0,6,2
19,1,0,1,3
20,2,2,6,4
21,3,8,2,5
22,7,0,5,9
23,0,2,8,3
24,2,3,2,1
25,4,5,5,6
26,3,3,6,0
27,4,9,0,8
28,3,4,6,6
29,2,0,6,1
30,7,5,6,6
31,4,8,3,0
32,4,5,7,5
33,5,8,1,9
34,7,5,2,1
35,4,7,0,3
36,9,7,7,6
37,6,9,4,1
38,8,6,3,4
39,5,5,6,0
40,5,5,8,4
41,0,2,2,8
42,9,8,7,5
43,5,0,3,1
44,4,7,4,2
45,5,5,4,3
46,9,4,7,6
47,9,1,2,5
48,5,0,7,4
49,6,9,1,0
50,0,0,2,1
51,7,5,9,8
52,5,0,5,3
53,9,0,4,0
54,3,8,9,5
55,6,7,8,0
56,9,9,8,1
57,1,3,9,8
58,3,0,4,2
59,8,8,8,5
60,6,3,7,3
61,7,8,8,2
62,5,6,0,8
63,9,1,2,3
64,8,8,4,4
65,9,8,1,9
66,2,0,9,8
67,4,8,8,1
68,4,2,1,4
69,2,7,9,2
70,5,0,9,4
71,0,9,4,8
72,0,0,8,4
73,2,3,4,1
74,3,0,1,1
75,2,3,3,2
76,5,5,3,1
77,6,4,0,6
78,6,5,3,6
79,1,7,4,2
80,0,4,3,7
81,3,5,0,3
82,1,7,7,0
83,9,0,4,7
84,6,5,8,0
85,2,6,2,4
86,0,6,8,4
87,7,6,7,6
88,2,5,6,2
89,1,6,1,4
90,7,6,9,6
91,0,3,3,0
92,8,7,2,1
93,9,0,5,6
94,8,5,2,6
95,6,2,8,2
96,6,9,9,2
97,2,8,6,6
98,4,9,4,3
99,2,0,7,2
100,5,6,1,4
101,1,4,7,1
102,4,0,3,6
103,8,0,5,0
104,2,9,5,8
105,6,2,0,4
106,9,0,6,3
107,0,5,3,9
108,9,8,5,2
109,3,5,9,3
110,1,6,9,7
111,8,0,1,1
112,4,1,9,1
113,9,1,6,3
114,3,9,4,3
115,4,1,0,1
116,7,4,1,0
117,2,6,8,9
118,7,4,3,5
119,3,0,1,0
120,3,5,8,3
121,2,6,4,5
122,8,5,7,8
123,1,1,6,5
124,0,9,4,2
125,5,7,6,2
126,6,5,7,7
127,9,0,5,4
128,3,3,1,5
129,9,8,4,6
130,4,0,9,2
131,8,8,3,1
132,5,5,6,6
133,5,6,6,0
134,6,8,9,0
135,3,4,0,9
136,4,0,2,3
137,9,0,1,7
138,4,0,7,3
139,7,8,7,1
140,1,0,9,9
141,2,1,3,9
142,2,1,5,6
143,3,7,5,2
144,4,6,8,1
145,8,5,6,7
146,2,1,1,5
147,2,2,0,9
148,6,9,0,1
149,7,7,0,7
150,5,8,2,5
151,3,0,5,6
152,0,2,2,5
153,5,4,6,8
154,1,4,7,0
155,0,1,7,1
156,8,9,5,7
157,9,2,5,4
158,2,5,7,9
159,4,0,3,4
160,5,7,4,1
161,6,6,4,8
162,3,5,8,8
163,2,2,0,7
164,5,4,9,2
165,8,0,9,0
166,0,0,0,7
167,8,0,9,2
168,5,7,3,9
169,4,9,4,6
170,8,6,9,5
171,4,8,2,0
172,0,7,4,4
173,6,0,4,2
174,4,5,4,4
175,8,6,7,0
176,4,9,9,5
177,0,9,7,8
178,8,7,3,4
179,3,5,6,8
180,9,9,8,9
181,8,1,3,2
182,2,0,5,7
183,6,4,1,6
184,5,5,7,0
185,7,2,4,8
186,5,0,1,0
187,4,0,4,6
188,9,1,6,7
189,7,9,8,1
190,6,3,3,2
191,7,3,0,1
192,3,3,7,1
193,5,1,3,2
194,1,7,4,5
195,8,6,9,3
196,8,3,1,6
197,2,6,9,7
198,8,2,3,4
199,7,6,5,6
200,7,4,4,1
201,2,3,9,8
202,7,2,0,2
203,2,2,0,1
204,7,8,3,2
205,5,7,9,7
206,0,3,8,2
207,7,9,1,3
208,9,1,7,0
209,6,6,1,3
210,7,1,5,8
211,5,3,0,1
212,9,4,7,5
213,7,2,5,1
214,1,4,4,9
215,2,2,2,3
216,4,6,9,5
217,4,3,1,6
218,3,6,9,8
219,6,6,3,2
220,6,6,8,4
221,2,5,0,7
222,0,8,8,7
223,1,0,4,1
224,0,2,3,9
225,4,1,4,7
226,5,8,8,6
227,5,3,6,9
228,9,8,8,9
229,9,1,7,1
230,7,4,1,1
231,7,5,6,5
232,8,5,3,2
233,1,9,8,5
234,7,6,7,1
235,4,0,8,0
236,1,4,9,3
237,5,0,5,1
238,4,9,0,1
239,0,4,3,8
240,1,1,7,3
241,0,5,5,7
242,7,7,5,4
243,7,7,0,2
244,4,6,1,2
245,2,1,0,8
246,0,7,4,7
247,0,1,2,7
248,6,1,7,8
249,6,4,7,1
250,4,5,9,0
251,6,9,3,7
252,9,8,7,1
253,9,4,3,4
254,6,8,0,5
255,6,7,5,7
256,8,5,7,5
257,0,9,3,0
258,4,7,1,4
259,5,3,9,3
260,1,2,0,3
261,2,0,4,5
262,6,6,2,8
263,5,1,4,8
264,8,9,9,9
265,4,1,1,2
266,2,3,1,0
267,5,4,9,4
268,8,3,7,5
269,0,6,2,8
270,6,0,2,3
271,3,7,0,3
272,0,6,1,3
273,2,9,9,2
274,1,0,2,6
275,0,8,0,0
276,0,6,5,7
277,0,9,9,9
278,9,3,0,3
279,0,1,7,8
280,2,9,3,7
281,4,8,3,4
282,8,8,8,2
283,8,1,0,6
284,5,0,8,6
285,0,2,9,5
286,6,6,7,0
287,1,6,8,9
288,2,8,6,7
289,6,2,5,4
290,2,9,9,0
291,7,2,6,4
292,3,0,0,9
293,8,2,8,9
294,8,5,1,6
295,2,8,1,4
296,6,8,0,9
297,9,0,4,1
298,9,4,7,2
299,2,5,6,5
300,1,1,1,6
301,7,5,5,4
302,5,0,4,9
303,5,0,9,0
304,6,4,4,4
305,7,2,2,7
306,6,2,7,9
307,4,0,1,4
308,1,8,7,9
309,6,4,1,8
310,7,2,1,5
311,8,4,6,6
312,2,7,6,9
313,4,8,2,1
314,5,1,1,8
315,9,9,8,9
316,0,5,3,5
317,1,5,6,0
318,3,6,1,4
319,7,3,1,2
320,0,5,5,2
321,5,9,1,3
322,7,1,7,8
323,7,5,9,2
324,0,3,5,4
325,1,0,3,5
326,9,7,5,9
327,1,6,6,2
328,2,9,1,9
329,3,7,0,1
330,7,4,9,9
331,2,0,5,5
332,6,4,6,0
333,2,0,4,2
334,3,7,7,6
335,9,7,5,0
336,6,5,5,7
337,5,0,0,9
338,5,5,6,0
339,6,9,8,9
340,1,5,4,7
341,3,8,7,8
342,9,2,9,5
343,3,7,4,8
344,2,7,8,9
345,9,8,6,0
346,4,4,8,3
347,6,6,0,3
348,3,5,3,1
349,6,1,1,0
350,4,6,5,2
351,0,6,0,9
352,2,1,3,4
353,8,5,8,6
354,6,4,9,9
355,1,3,4,8
356,5,0,7,5
357,6,8,7,6
358,1,4,2,6
359,9,0,7,2
360,5,5,7,4
361,3,7,0,2
362,6,3,1,2
363,0,2,4,2
364,3,6,8,6
365,6,2,2,8
366,6,9,0,7
367,4,9,8,0
368,8,5,7,3
369,1,0,5,9
370,0,1,2,9
371,6,2,2,8
372,6,5,2,6
373,8,1,3,4
374,5,1,1,1
375,1,1,2,8
376,5,0,2,2
377,4,2,0,4
378,1,8,9,3
379,1,6,2,0
380,0,9,4,1
381,0,2,5,6
382,3,4,3,0
383,2,0,4,2
384,8,4,3,3
385,0,0,3,4
386,6,5,6,0
387,8,3,0,1
388,0,1,5,4
389,5,2,0,1
390,0,3,0,7
391,8,3,6,9
392,3,7,7,9
393,2,9,5,7
394,9,6,2,6
395,3,8,2,9
396,2,0,0,2
397,9,3,4,8
398,7,1,4,3
399,0,8,8,4
400,6,9,8,0
401,2,9,9,7
402,9,5,7,0
403,6,7,3,9
404,9,3,3,2
405,3,3,3,7
406,9,6,9,8
407,6,7,0,0
408,9,4,7,7
409,0,4,2,2
410,5,3,5,2
411,6,8,9,1
412,9,9,9,5
413,3,7,8,6
414,2,1,5,4
415,3,3,5,4
416,4,1,2,3
417,8,8,4,0
418,4,6,3,7
419,9,0,0,2
420,6,2,3,7
421,9,0,8,8
422,9,6,8,3
423,3,1,4,9
424,8,9,9,1
425,3,9,1,4
426,8,5,5,0
427,4,5,2,1
428,9,2,3,0
429,4,5,3,2
430,4,7,3,1
431,9,9,0,1
432,5,7,7,6
433,9,2,0,0
434,4,2,8,8
435,5,6,5,4
436,9,9,4,5
437,5,7,1,1
438,5,4,7,3
439,1,5,8,0
440,2,5,4,8
441,5,3,0,9
442,6,4,3,1
443,3,1,5,1
444,9,9,2,2
445,9,6,5,7
446,4,5,9,0
447,0,1,2,1
448,4,3,5,6
449,7,3,4,1
450,1,9,8,3
451,1,2,2,4
452,1,9,5,0
453,2,7,5,0
454,5,3,5,7
455,0,0,9,3
456,6,7,1,9
457,7,8,9,3
458,0,9,2,1
459,7,2,2,8
460,5,9,6,3
461,9,8,3,7
462,8,9,5,5
463,5,9,0,5
464,6,5,3,4
465,6,9,3,3
466,6,0,8,1
467,3,0,8,3
468,8,3,1,9
469,0,0,5,1
470,9,2,4,7
471,1,7,8,2
472,4,0,7,0
473,8,5,7,1
474,0,9,4,1
475,0,1,6,1
476,7,4,6,6
477,9,6,9,9
478,6,7,6,8
479,7,7,8,8
480,5,6,6,9
481,2,9,5,2
482,5,9,0,2
483,7,3,1,6
484,0,1,8,9
485,6,8,3,5
486,9,1,6,8
487,6,2,3,1
488,3,3,0,7
489,9,8,8,8
490,7,5,0,9
491,0,0,3,1
492,2,5,9,6
493,5,4,9,4
494,1,5,6,4
495,0,4,1,5
496,9,5,4,1
497,5,2,2,7
498,5,2,1,2
499,9,2,3,6
500,4,5,7,9
501,3,0,7,0
502,5,9,6,7
503,4,1,9,7
504,7,3,8,2
505,6,7,7,9
506,5,2,4,6
507,3,1,5,7
508,0,9,0,7
509,0,9,6,5
510,5,9,4,0
511,1,2,5,8
512,0,9,9,8
513,0,0,6,9
514,9,0,3,6
515,0,8,7,1
516,3,4,2,1
517,7,3,6,2
518,2,6,6,4
519,8,9,1,0
520,8,2,2,5
521,8,2,4,2
522,9,6,7,7
523,4,7,6,1
524,4,0,5,6
525,3,8,0,7
526,7,3,3,3
527,8,9,6,6
528,6,5,6,4
529,2,6,4,4
530,2,7,0,9
531,4,1,3,9
532,9,7,9,0
533,9,6,6,9
534,0,7,7,1
535,9,5,6,8
536,5,9,5,0
537,8,6,2,2
538,5,2,2,5
539,9,7,7,8
540,8,9,6,6
541,2,7,8,7
542,5,8,2,4
543,6,4,8,9
544,6,8,6,5
545,2,2,5,3
546,3,0,5,3
547,7,6,2,3
548,9,0,9,0
549,1,0,9,4
550,9,0,3,3
551,5,6,2,3
552,9,8,0,6
553,2,8,0,9
554,7,7,3,1
555,9,8,8,8
556,8,9,4,5
557,6,9,9,1
558,7,7,8,7
559,7,6,7,1
560,6,0,5,4
561,0,5,2,4
562,7,7,6,4
563,3,3,8,9
564,8,7,2,2
565,7,9,3,6
566,0,3,1,3
567,5,2,3,6
568,5,5,1,9
569,9,0,0,9
570,5,7,0,0
571,3,2,3,7
572,2,1,8,3
573,0,7,4,5
574,5,9,1,0
575,8,0,9,3
576,2,1,5,3
577,9,4,6,1
578,9,7,4,9
579,3,5,5,6
580,6,5,3,1
581,9,8,6,3
582,7,6,8,5
583,9,9,1,9
584,3,4,2,3
585,7,0,4,1
586,7,2,7,2
587,8,2,0,0
588,0,3,0,5
589,1,2,5,9
590,1,0,6,9
591,3,3,0,8
592,3,3,8,7
593,3,5,7,6
594,1,0,5,0
595,0,4,5,0
596,8,2,5,1
597,8,7,7,2
598,4,6,3,2
599,7,4,3,8
600,4,8,0,2
601,5,0,4,8
602,7,9,1,5
603,4,3,4,4
604,1,6,1,5
605,8,3,8,8
606,5,3,0,7
607,1,9,9,6
608,8,1,7,3
609,4,1,0,2
610,3,1,4,1
611,8,4,8,6
612,1,1,4,8
613,8,8,8,0
614,4,2,9,3
615,1,2,7,1
616,3,4,8,7
617,7,7,3,2
618,6,1,4,2
619,6,3,1,9
620,0,5,2,4
621,4,6,9,3
622,9,3,2,1
623,6,0,2,4
624,7,7,8,6
625,7,0,5,7
626,7,4,1,4
627,4,8,4,5
628,9,8,2,5
629,4,3,6,7
630,9,8,0,5
631,7,9,2,0
632,4,1,9,6
633,9,4,3,2
634,5,0,6,5
635,2,6,0,9
636,8,9,6,6
637,1,8,0,5
638,9,3,7,9
639,8,2,3,0
640,8,9,3,2
641,9,7,1,2
642,3,5,2,3
643,2,7,0,1
644,4,2,2,1
645,3,9,6,7
646,6,5,9,7
647,1,1,4,8
648,3,7,9,3
649,4,0,6,9
650,2,6,7,8
651,1,7,4,3
652,3,2,0,9
653,7,4,0,2
654,9,8,1,8
655,7,6,5,7
656,7,9,9,9
657,2,8,0,0
658,5,6,0,5
659,1,1,3,1
660,4,0,7,3
661,0,3,9,4
662,4,2,9,0
663,0,8,7,2
664,6,0,7,6
665,4,5,6,3
666,0,9,5,9
667,1,9,1,3
668,9,9,6,2
669,6,7,1,7
670,5,6,0,6
671,5,4,3,6
672,1,8,3,4
673,9,9,6,3
674,8,6,6,4
675,1,0,5,3
676,7,6,9,7
677,0,8,2,9
678,0,6,4,4
679,9,0,3,7
680,0,9,0,9
681,5,0,2,6
682,7,1,7,5
683,7,3,2,9
684,2,7,8,2
685,1,8,0,4
686,5,9,7,0
687,7,4,4,0
688,3,9,0,6
689,4,9,8,3
690,2,4,3,0
691,0,4,7,3
692,9,2,3,6
693,6,1,8,9
694,4,9,0,5
695,1,9,1,5
696,1,1,9,7
697,4,3,5,9
698,8,6,4,6
699,4,7,7,2
700,2,9,2,2
701,4,4,7,6
702,4,9,2,1
703,8,5,1,1
704,2,9,5,3
705,1,2,0,2
706,8,1,7,2
707,5,7,9,8
708,6,3,5,1
709,0,5,9,2
710,7,3,8,9
711,4,8,2,0
712,6,6,1,2
713,8,5,0,1
714,4,4,3,4
715,6,2,1,6
716,5,5,3,3
717,9,7,8,7
718,6,7,1,1
719,0,5,8,6
720,2,6,0,0
721,6,0,2,0
722,3,5,9,2
723,9,9,1,6
724,5,7,5,4
725,3,9,1,8
726,9,1,2,4
727,8,1,5,0
728,0,6,0,3
729,3,7,3,3
730,8,8,0,4
731,3,0,0,3
732,4,3,7,2
733,9,4,9,3
734,2,5,7,9
735,4,8,5,3
736,0,8,9,9
737,0,6,3,0
738,1,7,2,7
739,6,0,2,4
740,8,9,0,0
741,1,3,2,7
742,4,5,5,8
743,8,2,8,3
744,4,6,3,5
745,7,6,7,0
746,1,5,9,1
747,3,1,7,3
748,7,2,9,0
749,3,1,9,8
750,8,6,7,8
751,4,7,0,0
752,3,1,9,1
753,3,6,8,6
754,4,5,4,4
755,8,6,7,5
756,9,8,9,4
757,2,7,9,4
758,5,1,5,1
759,2,8,9,4
760,6,5,0,4
761,2,8,0,9
762,4,1,0,8
763,2,7,5,8
764,5,4,8,9
765,0,7,7,9
766,1,3,7,2
767,0,2,3,5
768,7,3,8,5
769,7,0,4,9
770,0,1,7,8
771,7,6,7,0
772,4,6,3,5
773,5,5,3,1
774,0,3,2,8
775,9,5,7,8
776,2,9,5,4
777,4,8,1,0
778,6,3,0,5
779,6,9,2,1
780,0,5,7,0
781,7,8,5,2
782,9,4,0,0
783,3,2,7,5
784,6,9,3,6
785,9,3,4,6
786,0,3,9,9
787,7,6,4,3
788,1,9,8,1
789,5,5,0,9
790,4,2,5,6
791,3,5,6,0
792,9,0,5,0
793,6,9,8,9
794,5,7,3,7
795,3,9,8,6
796,7,7,9,8
797,6,2,2,3
798,1,3,7,9
799,5,5,9,5
800,3,9,3,0
801,0,5,1,6
802,8,3,2,7
803,8,4,9,4
804,1,1,2,2
805,4,5,9,5
806,7,7,4,8
807,0,0,1,6
808,8,0,5,8
809,3,8,7,8
810,1,6,2,3
811,0,3,8,5
812,0,7,4,2
813,2,9,0,2
814,2,7,1,1
815,0,9,0,8
816,5,2,9,7
817,8,3,1,9
818,4,3,4,2
819,5,3,8,2
820,7,4,0,2
821,9,9,6,8
822,0,5,9,7
823,2,4,2,2
824,9,9,4,1
825,8,2,3,8
826,0,3,0,1
827,9,6,3,4
828,0,3,2,5
829,3,1,1,9
830,8,6,0,9
831,1,8,0,7
832,5,0,9,6
833,8,8,6,6
834,6,8,7,9
835,4,3,5,7
836,2,2,2,1
837,7,8,5,3
838,6,2,8,9
839,1,1,1,2
840,1,4,7,7
841,6,9,2,6
842,3,7,8,1
843,6,7,1,8
844,0,3,2,2
845,6,8,4,8
846,9,1,9,9
847,8,3,4,8
848,5,7,3,4
849,9,2,8,5
850,9,6,6,2
851,1,3,6,8
852,2,2,7,5
853,5,4,1,8
854,1,2,4,0
855,7,1,2,5
856,1,4,4,5
857,1,5,7,1
858,6,7,5,0
859,8,2,1,2
860,6,9,8,8
861,9,6,9,1
862,9,3,9,7
863,5,3,4,7
864,6,1,9,3
865,6,7,6,8
866,2,3,6,5
867,9,5,5,5
868,9,1,8,6
869,0,6,0,9
870,2,4,3,6
871,3,1,8,1
872,3,4,2,2
873,3,4,2,5
874,2,3,4,1
875,6,6,8,5
876,1,6,6,7
877,9,4,0,7
878,6,4,4,7
879,4,4,3,3
880,2,5,3,0
881,6,4,6,3
882,7,0,2,0
883,9,5,6,9
884,8,3,9,0
885,9,4,1,3
886,1,1,4,1
887,3,6,0,7
888,1,1,8,8
889,4,7,2,0
890,9,4,0,6
891,2,5,0,2
892,9,5,2,7
893,4,4,9,5
894,7,9,1,5
895,7,3,2,9
896,3,1,3,0
897,3,9,1,8
898,7,0,5,0
899,6,6,0,6
900,8,2,0,7
901,9,5,0,6
902,8,2,8,7
903,3,4,1,8
904,0,8,9,0
905,0,6,6,5
906,7,5,4,4
907,3,3,5,7
908,6,9,4,7
909,8,5,6,6
910,5,3,6,2
911,8,6,1,1
912,6,1,6,0
913,3,2,6,0
914,6,7,8,4
915,8,7,4,7
916,4,7,4,9
917,6,6,4,0
918,6,2,4,5
919,6,5,8,7
920,7,2,5,5
921,6,8,2,5
922,0,2,1,5
923,7,3,5,6
924,0,2,6,0
925,7,1,3,7
926,5,9,5,8
927,4,6,3,9
928,0,4,4,1
929,0,3,3,3
930,4,0,9,2
931,1,8,2,6
932,5,9,3,8
933,5,5,5,2
934,5,9,9,4
935,4,6,0,2
936,5,6,9,3
937,7,3,1,5
938,4,9,4,9
939,1,2,2,2
940,2,4,0,9
941,8,2,3,1
942,0,0,3,0
943,2,9,5,6
944,5,3,3,5
945,5,0,3,2
946,3,0,7,8
947,4,5,6,2
948,1,5,4,2
949,4,4,4,9
950,4,0,4,6
951,8,5,4,9
952,7,5,7,1
953,0,2,4,5
954,6,9,2,3
955,8,2,3,3
956,1,1,7,2
957,1,7,2,5
958,4,3,9,9
959,0,8,9,8
960,9,9,3,0
961,9,5,7,1
962,1,1,2,3
963,3,6,6,7
964,1,4,9,0
965,3,8,3,7
966,1,2,9,6
967,5,9,4,7
968,0,0,0,1
969,4,0,5,1
970,3,7,1,6
971,7,9,2,8
972,2,6,4,2
973,5,6,9,0
974,8,6,8,1
975,8,5,3,4
976,9,3,9,9
977,5,7,7,4
978,2,4,5,8
979,1,7,9,6
980,2,1,7,5
981,9,4,0,7
982,8,6,6,7
983,1,5,8,5
984,3,9,9,6
985,6,2,1,5
986,3,9,1,2
987,5,2,6,2
988,5,6,4,8
989,1,8,3,9
990,0,3,3,9
991,1,9,3,3
992,0,2,5,3
993,7,0,2,6
994,7,4,2,8
995,3,0,1,3
996,4,5,1,5
997,7,4,8,8
998,3,2,4,2
999,7,4,6,1
1000,6,5,7,6
1001,8,6,3,7
1002,0,2,8,8
1003,7,7,1,0
1004,6,9,7,1
1005,1,8,1,8
1006,2,9,2,9
1007,2,0,3,2
1008,0,3,1,4
1009,9,3,5,5
1010,1,0,6,1
1011,2,0,1,4
1012,0,7,8,3
1013,0,4,3,7
1014,9,2,7,1
1015,7,6,0,5
1016,8,4,5,9
1017,0,9,0,5
1018,9,7,6,6
1019,4,5,6,0
1020,0,9,0,0
1021,6,1,2,0
1022,9,2,5,5
1023,1,7,0,6
1024,9,8,4,9
1025,1,2,6,8
1026,7,1,7,4
1027,9,0,8,1
1028,3,5,2,1
1029,1,5,6,5
1030,3,0,0,2
1031,3,2,8,8
1032,1,7,4,4
1033,3,7,5,4
1034,6,6,9,4
1035,6,3,3,2
1036,6,8,1,1
1037,7,8,7,4
1038,9,7,8,7
1039,8,9,9,4
1040,3,6,9,4
1041,0,7,2,3
1042,6,6,3,4
1043,6,2,7,1
1044,7,5,2,2
1045,8,6,5,0
1046,4,5,9,8
1047,8,1,3,0
1048,1,4,4,0
1049,9,3,2,0
1050,7,2,5,9
1051,3,2,6,9
1052,1,8,3,5
1053,2,9,9,7
1054,7,1,3,1
1055,2,4,0,0
1056,4,3,2,7
1057,2,6,5,3
1058,4,4,6,1
1059,3,2,6,7
1060,3,1,1,6
1061,3,3,5,4
1062,0,6,7,1
1063,6,5,9,1
1064,5,4,5,3
1065,7,5,3,2
1066,5,7,7,7
1067,7,4,5,2
1068,6,2,8,0
1069,9,6,4,6
1070,7,7,7,9
1071,7,6,8,3
1072,8,1,1,2
1073,4,5,4,9
1074,2,7,7,1
1075,8,2,1,7
1076,4,9,6,8
1077,3,7,6,1
1078,5,1,5,8
1079,4,3,9,7
1080,8,3,3,6
1081,9,9,0,1
1082,6,6,9,7
1083,2,7,0,7
1084,2,1,2,5
1085,0,3,1,9
1086,7,2,3,9
1087,2,3,5,4
1088,9,4,2,3
1089,7,3,6,8
1090,2,5,6,8
1091,4,0,5,9
1092,0,0,6,0
1093,2,5,5,6
1094,1,4,4,0
1095,5,3,5,1
1096,1,2,2,1
1097,0,0,5,8
1098,9,8,4,8
1099,9,5,0,7
1100,5,7,3,1
1101,6,2,3,3
1102,4,3,4,4
1103,2,0,0,8
1104,8,1,1,9
1105,6,4,1,5
1106,4,5,3,9
1107,4,9,3,8
1108,4,2,6,5
1109,6,3,0,0
1110,4,3,6,8
1111,0,5,7,0
1112,0,9,3,3
1113,4,1,4,7
1114,8,7,6,2
1115,5,0,3,0
1116,6,8,1,3
1117,4,8,0,2
1118,4,6,0,9
1119,7,1,6,1
1120,2,3,4,3
1121,7,6,8,0
1122,9,2,3,1
1123,0,0,2,7
1124,6,5,0,7
1125,3,3,6,1
1126,7,8,0,4
1127,6,9,6,4
1128,0,4,5,2
1129,6,1,9,1
1130,0,6,6,4
1131,7,7,1,8
1132,2,8,6,8
1133,2,3,5,1
1134,9,4,1,1
1135,3,9,4,9
1136,6,7,8,8
1137,7,7,1,3
1138,0,7,7,5
1139,3,0,5,9
1140,8,9,1,9
1141,6,0,7,3
1142,7,1,2,3
1143,2,7,0,7
1144,2,1,6,9
1145,0,0,8,4
1146,7,3,0,1
1147,7,9,8,9
1148,9,3,8,5
1149,8,0,2,7
1150,5,3,9,4
1151,5,4,3,0
1152,0,3,9,0
1153,6,7,0,6
1154,9,9,3,6
1155,7,9,0,8
1156,2,7,8,2
1157,6,8,1,9
1158,2,0,6,0
1159,9,1,2,3
1160,1,5,6,3
1161,1,6,6,3
1162,5,7,4,9
1163,1,7,7,5
1164,7,8,4,9
1165,4,9,7,3
1166,4,2,1,2
1167,2,5,2,2
1168,2,0,2,8
1169,5,0,8,2
1170,1,6,0,2
1171,8,6,6,6
1172,3,3,3,5
1173,8,6,8,5
1174,2,6,7,9
1175,1,2,2,8
1176,7,1,3,7
1177,1,7,4,4
1178,8,6,0,4
1179,6,0,4,8
1180,9,8,3,3
1181,6,9,2,9
1182,5,8,6,3
1183,7,6,0,5
1184,0,7,1,4
1185,7,1,1,3
1186,7,2,3,9
1187,2,0,1,6
1188,4,9,6,0
1189,7,7,8,1
1190,0,8,3,7
1191,0,0,2,7
1192,9,5,2,9
1193,6,3,3,6
1194,4,7,1,2
1195,0,6,2,5
1196,6,6,1,0
1197,7,5,6,4
1198,9,8,4,1
1199,3,1,7,7
1200,4,5,4,4
1201,9,5,7,2
1202,3,7,1,8
1203,3,2,3,8
1204,1,6,9,6
1205,5,8,7,8
1206,1,3,1,5
1207,0,9,8,4
1208,5,7,4,0
1209,7,0,3,4
1210,1,3,6,0
1211,5,0,4,8
1212,6,0,4,7
1213,4,9,5,4
1214,0,0,7,1
1215,0,1,8,2
1216,0,5,6,3
1217,3,9,9,1
1218,7,1,3,7
1219,7,7,4,4
1220,1,4,1,3
1221,8,0,3,0
1222,1,6,4,2
1223,2,3,0,8
1224,5,4,0,4
1225,1,6,5,0
1226,0,9,2,3
1227,4,4,7,5
1228,6,6,8,5
1229,3,4,0,9
1230,7,8,7,1
1231,6,0,8,4
1232,3,9,4,0
1233,8,1,8,5
1234,3,0,4,0
1235,3,7,8,0
1236,5,5,5,9
1237,5,5,5,9
1238,2,4,1,2
1239,8,0,9,0
1240,4,0,5,7
1241,8,4,4,4
1242,6,8,8,0
1243,8,8,2,3
1244,8,9,8,4
1245,3,7,5,4
1246,6,2,7,2
1247,5,6,0,3
1248,9,8,1,0
1249,5,5,5,5
1250,2,1,6,7
1251,0,4,9,8
1252,3,3,2,5
1253,3,2,5,1
1254,4,4,2,2
1255,6,9,9,8
1256,8,9,4,3
1257,6,8,1,5
1258,4,0,3,7
1259,5,8,1,5
1260,6,0,3,9
1261,2,3,8,9
1262,3,3,9,9
1263,7,1,3,8
1264,2,3,2,4
1265,0,0,8,3
1266,8,3,5,1
1267,2,1,8,5
1268,9,7,2,2
1269,7,3,3,7
1270,9,4,8,3
1271,1,2,5,5
1272,2,9,8,1
1273,1,9,9,5
1274,1,9,1,5
1275,3,8,2,4
1276,0,9,8,2
1277,3,8,7,9
1278,5,1,2,2
1279,9,8,0,7
1280,1,0,8,5
1281,5,0,1,1
1282,2,4,2,1
1283,8,8,1,3
1284,7,2,4,4
1285,2,2,8,2
1286,9,1,0,8
1287,4,5,1,6
1288,9,4,7,3
1289,7,7,6,4
1290,4,7,5,0
1291,2,6,0,8
1292,8,8,3,4
1293,4,7,4,7
1294,2,9,1,4
1295,9,3,9,6
1296,3,4,1,3
1297,0,7,6,9
1298,0,3,1,8
1299,7,7,6,6
1300,0,3,2,2
1301,7,6,2,3
1302,3,9,7,9
1303,2,6,7,0
1304,9,0,8,2
1305,2,3,5,6
1306,4,3,8,0
1307,7,5,8,7
1308,4,5,4,4
1309,8,4,5,5
1310,7,4,8,1
1311,5,3,3,7
1312,7,8,9,6
1313,1,3,6,3
1314,6,7,7,1
1315,5,0,8,3
1316,8,3,8,4
1317,4,7,8,9
1318,0,8,6,5
1319,5,5,2,5
1320,7,5,5,9
1321,0,3,1,9
1322,5,2,8,2
1323,4,1,0,5
1324,7,8,0,7
1325,1,0,7,0
1326,5,9,7,2
1327,0,8,0,7
1328,0,2,9,5
1329,1,5,0,8
1330,2,0,5,9
1331,5,2,2,3
1332,6,9,6,6
1333,1,4,5,9
1334,5,9,0,9
1335,6,1,2,5
1336,5,8,2,3
1337,0,2,2,4
1338,8,4,7,6
1339,4,9,7,4
1340,8,0,4,9
1341,7,8,8,1
1342,3,3,6,5
1343,8,5,9,2
1344,1,1,1,1
1345,4,4,8,8
1346,4,1,0,1
1347,1,1,7,6
1348,3,3,5,0
1349,7,2,5,6
1350,1,6,9,8
1351,5,8,6,6
1352,7,6,2,2
1353,0,1,9,8
1354,6,9,8,6
1355,4,7,0,9
1356,1,7,6,4
1357,9,0,8,1
1358,6,7,9,1
1359,4,4,7,0
1360,0,3,0,8
1361,2,7,0,5
1362,8,3,6,9
1363,5,5,3,1
1364,0,4,7,8
1365,1,2,9,1
1366,5,5,8,0
1367,3,3,4,8
1368,8,5,8,1
1369,8,0,0,6
1370,7,0,1,8
1371,8,7,0,1
1372,0,2,4,1
1373,6,6,2,4
1374,7,8,6,7
1375,5,8,3,0
1376,6,7,5,9
1377,0,9,7,9
1378,0,2,6,4
1379,0,3,5,4
1380,6,4,4,3
1381,0,7,4,3
1382,4,3,9,4
1383,1,7,9,2
1384,8,8,1,5
1385,2,5,8,9
1386,4,0,3,7
1387,9,5,0,2
1388,1,1,0,2
1389,9,3,4,5
1390,9,4,2,4
1391,1,9,0,8
1392,4,7,9,7
1393,8,8,7,4
1394,5,8,6,8
1395,5,3,9,7
1396,5,4,2,0
1397,2,2,1,3
1398,5,4,7,9
1399,1,6,7,2
1400,9,7,1,1
1401,9,4,5,6
1402,7,6,1,1
1403,6,2,6,1
1404,8,5,2,8
1405,2,9,5,2
1406,4,4,8,6
1407,1,4,7,8
1408,3,3,1,8
1409,6,7,0,3
1410,6,7,7,8
1411,1,1,4,9
1412,3,4,0,7
1413,4,9,9,6
1414,1,1,7,4
1415,1,4,1,8
1416,1,9,3,9
1417,4,2,3,0
1418,5,8,0,7
1419,1,5,1,0
1420,8,3,3,9
1421,6,1,5,1
1422,7,5,3,5
1423,0,5,9,8
1424,9,5,7,0
1425,6,0,2,6
1426,7,7,2,8
1427,7,1,2,1
1428,9,5,1,9
1429,6,4,3,7
1430,9,0,0,2
1431,1,1,1,8
1432,0,2,8,7
1433,1,3,9,4
1434,4,7,3,6
1435,4,9,8,5
1436,8,1,2,8
1437,4,3,8,7
1438,7,5,5,9
1439,7,9,5,5
1440,6,5,0,0
1441,6,9,9,2
1442,5,0,3,6
1443,1,2,1,9
1444,3,7,0,5
1445,2,7,7,8
1446,7,0,2,0
1447,4,7,8,4
1448,2,6,3,3
1449,7,1,9,2
1450,0,4,2,4
1451,2,1,4,4
1452,7,4,7,4
1453,0,4,6,9
1454,5,9,2,4
1455,5,6,5,1
1456,7,7,5,6
1457,2,7,8,5
1458,2,7,8,5
1459,7,8,0,0
1460,2,6,5,9
1461,5,1,8,3
1462,0,0,6,8
1463,6,1,6,9
1464,7,9,6,7
1465,0,9,1,8
1466,9,9,3,3
1467,1,2,2,4
1468,6,9,6,7
1469,1,3,4,3
1470,6,6,2,6
1471,7,1,7,1
1472,6,4,7,1
1473,0,3,5,1
1474,8,2,8,5
1475,8,0,7,3
1476,3,8,5,7
1477,8,5,5,0
1478,6,6,0,4
1479,4,7,7,7
1480,8,6,3,5
1481,8,0,7,6
1482,6,1,5,7
1483,7,5,4,2
1484,9,0,7,4
1485,6,2,1,4
1486,4,5,6,3
1487,1,1,4,7
1488,5,4,7,1
1489,3,4,3,0
1490,9,4,3,9
1491,8,6,9,1
1492,9,2,2,2
1493,0,0,1,7
1494,3,7,0,5
1495,9,8,8,7
1496,8,4,6,8
1497,2,9,9,4
1498,8,9,3,9
1499,1,5,6,5
1500,7,7,3,2
1501,4,5,6,0
1502,2,4,5,3
1503,7,9,4,8
1504,1,0,7,0
1505,4,3,9,2
1506,4,0,7,6
1507,2,1,0,9
1508,6,7,8,9
1509,0,2,6,3
1510,9,4,8,5
1511,4,8,1,1
1512,0,6,9,5
1513,8,0,1,5
1514,8,2,8,4
1515,3,0,2,1
1516,1,6,1,5
1517,9,4,1,9
1518,7,5,1,4
1519,0,3,5,1
1520,1,5,6,4
1521,5,5,6,6
1522,6,7,8,8
1523,6,6,9,0
1524,1,1,0,3
1525,0,7,1,0
1526,3,3,2,5
1527,1,1,5,9
1528,9,8,0,2
1529,9,6,8,1
1530,2,7,9,6
1531,7,8,3,6
1532,2,6,0,4
1533,8,3,7,6
1534,0,8,7,0
1535,7,1,5,6
1536,4,7,8,9
1537,7,9,7,6
1538,3,9,7,6
1539,2,0,0,8
1540,7,3,9,0
1541,1,8,2,2
1542,7,5,8,1
1543,3,9,8,1
1544,3,8,4,5
1545,2,9,1,2
1546,7,4,4,1
1547,0,3,0,4
1548,8,5,3,1
1549,3,0,9,1
1550,0,5,9,5
1551,4,5,6,3
1552,1,5,5,0
1553,2,2,2,1
1554,7,2,3,8
1555,4,8,3,3
1556,9,7,2,6
1557,7,6,2,4
1558,0,8,5,8
1559,7,6,6,4
1560,0,9,8,2
1561,2,5,2,7
1562,4,5,6,0
1563,6,1,7,5
1564,8,3,7,2
1565,8,6,9,9
1566,1,1,4,8
1567,5,4,1,0
1568,1,3,5,7
1569,0,5,8,0
1570,2,1,4,2
1571,9,2,4,4
1572,0,4,0,2
1573,3,7,4,2
1574,3,8,7,6
1575,1,8,2,7
1576,4,0,7,8
1577,4,0,4,2
1578,9,9,3,2
1579,1,7,5,4
1580,4,1,2,4
1581,6,0,8,5
1582,3,7,7,5
1583,2,3,1,9
1584,3,1,7,1
1585,3,9,5,7
1586,8,7,1,4
1587,6,5,2,8
1588,3,1,8,0
1589,0,0,0,5
1590,8,5,5,5
1591,8,3,8,2
1592,3,4,3,9
1593,6,4,2,7
1594,4,1,6,6
1595,6,2,6,1
1596,1,1,8,7
1597,4,7,3,2
1598,2,1,7,7
1599,1,5,6,4
1600,7,6,3,0
1601,3,3,0,4
1602,9,1,0,8
1603,5,0,8,1
1604,5,3,1,6
1605,1,6,7,6
1606,7,1,5,1
1607,2,5,7,4
1608,8,2,6,6
1609,3,4,1,7
1610,0,4,7,7
1611,2,0,5,5
1612,6,7,4,3
1613,6,3,6,2
1614,3,2,6,7
1615,5,6,0,7
1616,2,3,9,8
1617,9,0,6,0
1618,2,0,6,7
1619,2,0,6,4
1620,2,4,2,2
1621,6,0,6,9
1622,5,8,9,7
1623,8,7,9,5
1624,5,6,3,8
1625,5,5,8,7
1626,2,1,5,4
1627,1,1,5,7
1628,0,0,0,1
1629,9,5,6,5
1630,9,8,3,4
1631,3,4,9,3
1632,8,5,0,6
1633,0,3,9,3
1634,5,1,6,0
1635,1,5,9,4
1636,6,6,5,5
1637,6,7,9,8
1638,0,9,6,6
1639,7,4,7,3
1640,5,0,0,4
1641,4,0,1,2
1642,2,7,1,9
1643,0,9,9,6
1644,6,0,7,7
1645,3,2,2,3
1646,3,0,2,0
1647,6,8,5,2
1648,2,4,1,7
1649,9,8,5,8
1650,0,1,5,4
1651,6,8,3,1
1652,5,5,8,2
1653,7,3,3,9
1654,5,4,5,1
1655,9,0,6,1
1656,0,3,9,8
1657,1,5,5,8
1658,6,8,6,4
1659,2,6,7,6
1660,4,7,8,5
1661,4,6,3,1
1662,4,1,2,2
1663,5,4,3,5
1664,4,1,4,9
1665,7,3,0,0
1666,9,4,5,0
1667,3,6,8,7
1668,3,4,5,8
1669,9,5,7,9
1670,2,3,1,8
1671,7,0,7,4
1672,6,2,6,8
1673,6,2,9,4
1674,3,2,9,6
1675,6,1,8,0
1676,6,0,8,4
1677,1,9,1,0
1678,1,7,1,7
1679,4,0,4,4
1680,9,1,2,8
1681,0,4,7,9
1682,3,7,9,6
1683,3,9,1,1
1684,6,9,9,2
1685,6,9,0,3
1686,5,4,0,6
1687,1,8,9,6
1688,7,8,7,6
1689,5,7,8,8
1690,2,4,9,1
1691,0,6,3,5
1692,2,1,9,0
1693,7,1,6,4
1694,8,8,1,2
1695,5,3,4,3
1696,3,6,7,6
1697,6,0,9,4
1698,0,9,7,8
1699,9,7,0,8
1700,2,0,9,8
1701,3,1,2,1
1702,4,3,2,7
1703,4,3,4,4
1704,6,5,2,0
1705,9,9,0,6
1706,9,9,6,1
1707,0,5,8,8
1708,1,8,3,7
1709,6,8,8,0
1710,5,2,9,6
1711,9,4,1,9
1712,7,1,6,1
1713,2,9,9,7
1714,6,0,0,7
1715,8,0,5,2
1716,4,7,6,9
1717,3,0,8,7
1718,4,4,8,3
1719,2,3,1,5
1720,1,5,5,5
1721,4,0,5,0
1722,9,1,9,3
1723,0,6,4,7
1724,6,2,9,5
1725,8,1,1,7
1726,1,0,7,3
1727,6,0,5,6
1728,0,1,0,3
1729,8,7,8,3
1730,7,0,1,3
1731,8,8,6,0
1732,9,9,5,6
1733,9,0,4,7
1734,8,7,5,8
1735,4,3,3,0
1736,9,0,2,2
1737,1,2,8,4
1738,6,1,2,8
1739,4,2,1,0
1740,8,7,4,1
1741,6,0,1,0
1742,9,8,6,9
1743,7,3,6,9
1744,2,8,2,1
1745,9,1,0,0
1746,8,2,2,9
1747,5,5,8,1
1748,7,1,7,5
1749,2,3,1,8
1750,2,7,9,9
1751,2,4,8,0
1752,5,4,2,4
1753,2,6,4,1
1754,8,7,2,3
1755,0,2,8,4
1756,7,1,2,5
1757,1,5,9,6
1758,8,3,8,5
1759,2,0,8,5
1760,0,1,9,1
1761,0,9,7,8
1762,9,2,1,6
1763,6,1,0,8
1764,3,8,9,9
1765,2,9,4,7
1766,8,8,2,4
1767,5,2,0,9
1768,2,3,8,4
1769,5,9,8,3
1770,7,5,5,0
1771,2,7,0,7
1772,0,5,9,9
1773,3,0,1,6
1774,3,5,3,7
1775,5,1,3,9
1776,2,6,8,2
1777,7,2,4,6
1778,9,4,2,4
1779,4,8,6,3
1780,7,1,1,1
1781,7,9,7,5
1782,7,8,7,7
1783,0,3,6,4
1784,4,1,0,1
1785,9,5,9,9
1786,3,9,5,3
1787,3,1,0,3
1788,6,0,9,5
1789,6,4,7,6
1790,4,8,2,1
1791,2,3,7,9
1792,3,3,3,7
1793,7,1,9,3
1794,7,4,7,6
1795,7,3,4,8
1796,6,0,2,9
1797,8,5,7,0
1798,3,4,4,0
1799,1,6,5,5
1800,8,1,9,2
1801,6,9,2,2
1802,3,0,0,0
1803,8,1,4,7
1804,4,3,9,3
1805,8,6,8,0
1806,1,8,9,6
1807,5,1,8,7
1808,2,6,0,7
1809,5,5,1,9
1810,7,3,5,8
1811,3,3,8,8
1812,9,8,9,4
1813,5,2,0,5
1814,8,8,6,2
1815,7,0,6,8
1816,7,3,2,1
1817,7,1,0,2
1818,0,9,1,5
1819,3,8,9,1
1820,5,7,2,7
1821,8,0,2,4
1822,3,4,0,1
1823,7,8,8,1
1824,2,3,1,0
1825,4,6,3,4
1826,1,2,3,1
1827,5,0,7,2
1828,8,8,3,7
1829,9,0,5,0
1830,4,6,2,6
1831,8,4,6,5
1832,0,2,1,1
1833,3,6,5,0
1834,7,4,6,6
1835,3,3,8,8
1836,8,4,2,0
1837,2,6,8,5
1838,1,5,0,8
1839,1,7,7,5
1840,8,7,0,5
1841,8,5,5,7
1842,8,4,5,1
1843,4,5,0,5
1844,9,6,0,1
1845,8,5,6,7
1846,2,6,5,5
1847,8,9,1,2
1848,8,7,1,7
1849,4,9,9,1
1850,5,6,7,1
1851,3,6,5,4
1852,0,7,7,2
1853,3,4,4,4
1854,3,8,9,5
1855,6,0,5,1
1856,6,7,2,8
1857,2,3,3,1
1858,2,7,3,4
1859,1,0,5,3
1860,6,5,3,4
1861,8,0,0,0
1862,7,4,7,9
1863,1,2,4,4
1864,9,6,6,8
1865,1,8,0,0
1866,4,8,1,3
1867,9,6,1,6
1868,2,3,1,9
1869,7,0,0,4
1870,7,6,5,5
1871,1,5,5,6
1872,9,2,1,7
1873,4,0,7,4
1874,4,7,1,7
1875,4,6,5,8
1876,4,6,3,5
1877,3,8,0,7
1878,3,9,6,0
1879,4,9,9,3
1880,3,5,6,2
1881,4,5,5,3
1882,4,1,5,9
1883,2,0,9,1
1884,8,9,1,1
1885,2,8,8,3
1886,1,7,0,0
1887,9,7,1,4
1888,7,7,1,7
1889,6,7,0,2
1890,5,9,9,8
1891,5,1,2,1
1892,5,1,5,1
1893,4,7,3,7
1894,4,8,6,8
1895,6,3,5,4
1896,5,1,4,1
1897,0,6,9,5
1898,4,5,4,6
1899,2,5,9,5
1900,0,2,7,5
1901,0,7,7,4
1902,6,2,7,5
1903,9,5,8,7
1904,0,3,8,5
1905,5,4,3,0
1906,3,4,3,0
1907,6,8,4,0
1908,6,7,9,6
1909,3,7,0,8
1910,1,1,2,8
1911,9,2,2,2
1912,7,6,6,0
1913,2,3,1,1
1914,6,0,0,4
1915,6,9,3,0
1916,6,1,2,0
1917,7,9,3,7
1918,7,6,7,4
1919,3,8,5,0
1920,9,5,8,6
1921,0,4,6,2
1922,2,5,6,0
1923,6,0,1,5
1924,4,1,8,6
1925,0,2,9,5
1926,8,4,9,0
1927,1,8,6,0
1928,4,3,3,5
1929,4,1,5,6
1930,3,3,7,5
1931,5,5,1,1
1932,2,9,3,9
1933,0,9,9,4
1934,3,6,2,0
1935,4,6,6,7
1936,2,7,1,3
1937,7,7,4,9
1938,3,2,8,2
1939,6,3,5,9
1940,9,9,5,9
1941,9,8,9,6
1942,5,9,3,2
1943,2,8,1,2
1944,4,2,3,9
1945,0,9,9,1
1946,8,2,8,3
1947,9,6,6,1
1948,0,6,8,6
1949,6,1,2,0
1950,5,5,1,7
1951,7,7,8,3
1952,9,6,6,4
1953,7,1,8,1
1954,1,4,2,2
1955,8,5,5,5
1956,9,3,4,9
1957,1,5,8,3
1958,6,2,8,5
1959,0,6,1,8
1960,0,8,4,3
1961,1,6,4,6
1962,1,2,0,1
1963,9,9,8,5
1964,7,9,9,4
1965,9,3,5,7
1966,3,8,0,4
1967,6,7,8,8
1968,9,9,0,9
1969,6,7,6,5
1970,1,9,5,7
1971,7,8,3,8
1972,0,9,5,6
1973,9,3,3,8
1974,4,8,5,7
1975,0,5,7,6
1976,8,5,1,4
1977,3,3,9,6
1978,5,9,4,3
1979,4,7,1,7
1980,5,1,4,8
1981,2,9,7,2
1982,5,3,7,5
1983,4,3,8,1
1984,4,1,9,3
1985,5,8,2,3
1986,1,7,8,4
1987,7,3,5,8
1988,9,6,6,4
1989,0,1,3,3
1990,7,3,1,1
1991,4,6,3,4
1992,8,3,8,5
1993,1,3,4,4
1994,0,1,3,9
1995,6,4,2,6
1996,8,5,9,2
1997,4,2,8,6
1998,0,4,4,6
1999,1,2,9,4
2000,6,0,4,5
2001,7,9,8,2
2002,2,7,0,3
2003,2,8,9,2
2004,0,1,4,6
2005,4,0,5,2
2006,5,4,4,0
2007,8,7,9,9
2008,8,9,9,9
2009,5,0,2,2
2010,1,2,1,5
2011,6,6,1,6
2012,7,0,8,4
2013,9,1,7,6
2014,7,8,4,8
2015,2,8,7,1
2016,4,0,7,1
2017,2,9,3,3
2018,8,2,5,3
2019,0,9,6,9
2020,6,5,1,8
2021,1,2,9,9
2022,6,9,2,9
2023,3,1,0,9
2024,2,4,1,0
2025,7,5,4,6
2026,2,7,0,6
2027,0,6,6,6
2028,0,4,9,7
2029,5,4,8,6
2030,1,5,0,1
2031,0,6,2,5
2032,4,4,7,8
2033,3,0,3,6
2034,0,5,8,1
2035,2,6,7,5
2036,2,3,5,6
2037,6,7,3,8
2038,4,8,6,1
2039,4,7,3,8
2040,3,8,7,6
2041,9,3,1,6
2042,5,9,7,3
2043,3,8,4,0
2044,4,4,3,2
2045,8,0,6,9
2046,4,8,7,4
2047,3,8,7,7
2048,4,0,2,2
2049,4,0,0,7
2050,4,6,1,9
2051,6,1,1,5
2052,1,9,2,9
2053,9,6,6,2
2054,2,3,6,1
2055,0,6,6,9
2056,3,3,5,7
2057,6,8,5,7
2058,5,4,0,4
2059,7,2,3,8
2060,0,4,1,6
2061,6,0,3,0
2062,7,5,3,2
2063,7,2,6,9
2064,3,4,7,9
2065,3,8,8,4
2066,8,2,7,7
2067,6,3,5,6
2068,6,7,4,9
2069,4,4,1,4
2070,6,9,9,5
2071,6,8,3,9
2072,1,4,0,4
2073,4,0,6,1
2074,6,2,0,7
2075,6,9,2,2
2076,4,5,5,0
2077,4,1,3,7
2078,9,5,0,2
2079,1,6,0,5
2080,6,8,1,8
2081,2,8,2,1
2082,3,1,0,7
2083,4,6,2,0
2084,2,2,7,3
2085,2,2,0,9
2086,6,4,0,7
2087,1,7,7,0
2088,0,5,3,1
2089,2,6,9,6
2090,4,6,1,2
2091,1,4,8,5
2092,6,4,8,0
2093,2,1,8,4
2094,0,5,9,2
2095,1,9,1,7
2096,0,5,2,1
2097,7,9,5,5
2098,5,0,1,9
2099,9,9,0,9
2100,6,5,0,9
2101,2,9,0,9
2102,9,0,6,0
2103,3,0,9,7
2104,8,7,5,1
2105,5,0,5,9
2106,9,5,9,5
2107,2,5,0,2
2108,8,9,3,6
2109,3,4,8,8
2110,8,5,9,4
2111,0,1,7,3
2112,1,5,1,9
2113,5,0,8,8
2114,3,7,0,6
2115,0,4,5,4
2116,9,8,4,2
2117,5,8,8,3
2118,8,2,5,4
2119,9,9,6,9
2120,0,9,6,5
2121,8,4,9,1
2122,3,0,1,4
2123,4,6,6,1
2124,5,6,6,1
2125,7,5,7,9
2126,5,5,9,9
2127,4,0,5,1
2128,4,9,0,8
2129,3,1,9,8
2130,0,8,6,8
2131,6,0,9,7
2132,6,7,3,1
2133,5,6,2,5
2134,7,4,7,8
2135,6,4,6,9
2136,9,4,7,1
2137,9,5,8,5
2138,6,0,8,2
2139,6,3,6,8
2140,2,2,7,6
2141,9,7,1,8
2142,5,5,9,8
2143,7,4,3,3
2144,2,8,8,6
2145,0,8,2,4
2146,7,7,7,7
2147,0,9,7,9
2148,1,4,4,0
2149,5,3,4,7
2150,6,4,5,7
2151,8,8,7,1
2152,9,3,5,5
2153,8,0,0,0
2154,9,6,6,4
2155,7,1,5,2
2156,8,5,7,8
2157,0,7,8,8
2158,1,0,6,0
2159,1,9,8,7
2160,4,9,7,7
2161,3,1,0,2
2162,8,3,3,8
2163,0,8,6,3
2164,6,9,7,8
2165,8,1,3,7
2166,8,5,1,9
2167,9,9,9,1
2168,6,8,6,5
2169,2,5,7,7
2170,5,1,8,8
2171,1,7,2,0
2172,1,2,6,9
2173,1,2,3,7
2174,0,3,6,8
2175,3,8,8,2
2176,8,8,5,2
2177,8,1,2,8
2178,3,3,7,6
2179,2,2,9,3
2180,9,6,4,8
2181,3,4,0,9
2182,2,2,9,4
2183,4,1,6,4
2184,4,2,1,8
2185,5,9,6,0
2186,4,6,3,3
2187,7,3,2,9
2188,9,8,6,5
2189,5,6,6,7
2190,5,5,5,1
2191,2,2,7,8
2192,1,4,4,7
2193,4,0,0,5
2194,5,5,4,9
2195,5,4,4,6
2196,3,0,8,3
2197,3,3,3,0
2198,1,0,7,5
2199,7,4,8,2
2200,1,3,2,4
2201,3,3,7,9
2202,2,1,3,5
2203,6,5,9,0
2204,9,4,4,0
2205,4,6,4,4
2206,9,9,4,7
2207,0,5,0,2
2208,4,1,8,1
2209,3,1,5,0
2210,5,7,2,6
2211,7,1,4,3
2212,7,9,1,9
2213,5,9,3,2
2214,4,0,3,5
2215,2,1,7,2
2216,9,8,6,2
2217,1,2,0,9
2218,1,5,4,2
2219,7,5,9,8
2220,6,6,5,3
2221,8,7,6,2
2222,6,7,1,2
2223,9,0,0,1
2224,9,4,8,5
2225,2,6,6,7
2226,9,2,4,4
2227,3,7,6,4
2228,4,0,4,7
2229,7,1,1,9
2230,9,1,5,9
2231,3,1,8,2
2232,0,7,3,4
2233,1,1,4,5
2234,5,5,1,9
2235,7,3,8,4
2236,8,5,6,8
2237,5,7,8,7
2238,2,3,8,3
2239,9,2,5,3
2240,1,7,7,8
2241,3,4,6,5
2242,8,2,9,3
2243,1,9,8,4
2244,3,2,8,3
2245,5,9,8,7
2246,2,1,7,8
2247,0,5,9,1
2248,9,8,0,9
2249,6,9,1,0
2250,0,2,8,4
2251,8,9,2,2
2252,0,9,7,2
2253,6,1,9,0
2254,1,9,1,2
2255,4,4,3,9
2256,7,6,7,6
2257,7,0,5,2
2258,0,7,8,3
2259,1,6,9,1
2260,4,8,1,8
2261,6,2,7,3
2262,4,1,6,0
2263,9,1,9,3
2264,5,8,7,2
2265,2,8,2,4
2266,2,5,5,7
2267,3,3,1,6
2268,0,1,5,7
2269,9,9,2,4
2270,7,3,8,5
2271,3,8,8,4
2272,2,3,4,1
2273,7,6,9,4
2274,4,7,9,6
2275,5,0,8,7
2276,8,2,8,9
2277,0,1,7,3
2278,2,2,5,4
2279,9,1,8,8
2280,3,6,1,8
2281,7,9,4,6
2282,1,3,6,7
2283,6,1,3,0
2284,7,6,4,8
2285,0,6,2,4
2286,3,8,3,4
2287,0,6,1,3
2288,1,1,2,6
2289,1,6,5,3
2290,6,8,6,1
2291,8,0,0,4
2292,0,7,8,4
2293,8,6,2,2
2294,8,0,2,0
2295,9,6,8,4
2296,9,4,1,8
2297,6,1,4,9
2298,2,6,2,0
2299,2,6,4,3
2300,6,9,4,4
2301,8,2,7,9
2302,9,4,5,3
2303,7,8,9,8
2304,0,7,2,6
2305,7,0,4,8
2306,4,3,3,0
2307,5,4,8,0
2308,3,8,6,8
2309,6,3,5,9
2310,4,1,2,1
2311,1,5,7,7
2312,6,3,1,6
2313,9,5,9,4
2314,9,6,4,7
2315,9,0,7,7
2316,2,6,7,7
2317,0,1,6,9
2318,5,8,4,6
2319,8,4,2,3
2320,8,3,4,1
2321,6,6,4,8
2322,6,8,7,0
2323,2,6,3,5
2324,1,1,0,6
2325,9,4,3,4
2326,8,1,3,7
2327,5,0,4,8
2328,5,2,4,9
2329,7,5,2,4
2330,5,8,1,8
2331,4,6,8,4
2332,1,7,5,9
2333,4,7,4,9
2334,0,2,3,0
2335,2,3,4,8
2336,5,0,0,3
2337,3,2,5,5
2338,5,6,5,1
2339,7,7,2,3
2340,5,2,9,1
2341,4,4,8,7
2342,2,9,4,7
2343,4,4,4,1
2344,8,4,2,3
2345,3,4,6,6
2346,9,6,6,5
2347,8,9,0,4
2348,6,4,2,4
2349,5,4,7,1
2350,6,1,8,0
2351,7,0,4,4
2352,6,5,7,9
2353,2,3,3,2
2354,8,8,8,5
2355,8,5,8,5
2356,8,1,1,7
2357,6,7,0,2
2358,1,9,9,7
2359,6,4,0,4
2360,0,7,9,9
2361,2,6,2,0
2362,2,1,5,9
2363,4,4,2,9
2364,6,7,5,9
2365,9,4,9,2
2366,7,4,0,8
2367,4,9,6,9
2368,7,8,5,6
2369,4,5,5,3
2370,5,5,2,7
2371,4,9,1,3
2372,7,5,7,5
2373,1,5,0,7
2374,0,2,3,3
2375,5,7,4,8
2376,5,0,7,0
2377,7,5,7,3
2378,8,0,6,6
2379,0,8,8,3
2380,3,1,8,9
2381,8,0,5,1
2382,4,6,8,9
2383,4,9,1,9
2384,6,0,4,2
2385,2,3,1,1
2386,5,9,6,8
2387,5,2,9,0
2388,9,8,2,2
2389,8,7,9,8
2390,6,1,3,6
2391,0,7,0,5
2392,9,3,5,4
2393,2,6,7,6
2394,0,7,9,4
2395,2,1,4,6
2396,4,7,8,6
2397,3,2,4,1
2398,5,2,1,0
2399,4,8,1,1
2400,4,1,3,7
2401,7,4,1,0
2402,0,6,5,0
2403,6,8,2,9
2404,5,4,9,4
2405,3,4,6,1
2406,6,8,9,7
2407,3,7,3,3
2408,6,8,7,7
2409,6,6,2,2
2410,6,6,1,0
2411,6,2,8,1
2412,7,2,3,5
2413,9,5,0,7
2414,3,6,6,3
2415,3,0,1,3
2416,3,4,4,7
2417,3,6,7,2
2418,8,9,9,7
2419,9,6,5,9
2420,9,3,7,9
2421,5,1,7,3
2422,2,7,1,6
2423,5,1,2,8
2424,4,8,0,3
2425,8,6,9,6
2426,2,9,6,8
2427,8,6,7,9
2428,3,9,3,0
2429,6,1,2,2
2430,8,5,1,2
2431,9,2,3,0
2432,2,0,3,1
2433,5,8,0,2
2434,7,9,2,9
2435,8,9,4,7
2436,1,4,0,8
2437,6,8,4,8
2438,0,5,2,0
2439,4,3,3,8
2440,8,4,8,6
2441,8,7,8,2
2442,1,4,8,1
2443,7,8,2,9
2444,8,8,0,3
2445,6,3,3,0
2446,1,9,8,0
2447,7,3,3,9
2448,4,7,4,8
2449,8,5,3,9
2450,0,8,8,3
2451,3,4,0,7
2452,5,8,2,8
2453,4,6,7,2
2454,0,3,1,3
2455,1,1,8,3
2456,9,2,1,2
2457,0,9,6,7
2458,7,9,5,3
2459,4,8,9,6
2460,4,1,0,7
2461,7,3,4,7
2462,9,5,6,6
2463,9,0,5,3
2464,6,8,1,1
2465,9,9,2,1
2466,6,5,4,3
2467,3,5,0,6
2468,9,8,3,8
2469,3,4,7,9
2470,1,7,1,6
2471,1,2,7,1
2472,9,8,0,4
2473,5,9,8,7
2474,4,8,1,3
2475,9,6,2,4
2476,5,8,2,7
2477,3,9,6,6
2478,4,6,3,1
2479,1,2,0,0
2480,1,0,5,9
2481,3,8,9,3
2482,3,8,6,0
2483,6,1,4,2
2484,7,7,4,0
2485,2,9,8,5
2486,5,8,8,9
2487,0,7,5,6
2488,4,1,6,1
2489,5,7,7,0
2490,1,3,5,6
2491,1,3,4,6
2492,2,9,2,8
2493,0,0,1,6
2494,3,6,2,3
2495,1,4,8,7
2496,3,5,1,9
2497,7,3,9,2
2498,8,1,1,4
2499,2,4,0,5
2500,0,6,5,9
2501,7,3,4,9
2502,8,5,4,4
2503,3,2,4,8
2504,9,5,3,8
2505,0,5,1,6
2506,7,8,2,3
2507,6,5,4,5
2508,3,8,3,9
2509,4,4,6,0
2510,7,6,6,9
2511,0,5,9,6
2512,0,6,6,9
2513,9,5,3,4
2514,1,7,8,3
2515,9,5,0,0
2516,2,5,9,0
2517,2,3,2,6
2518,0,3,7,7
2519,1,4,8,9
2520,3,7,2,2
2521,1,9,3,1
2522,3,1,6,4
2523,7,1,5,9
2524,4,7,0,5
2525,8,6,7,1
2526,6,3,5,6
2527,6,8,0,8
2528,0,4,7,2
2529,8,3,2,2
2530,7,9,1,3
2531,0,8,0,6
2532,3,7,5,3
2533,4,6,6,3
2534,0,6,0,5
2535,6,3,6,1
2536,4,8,7,7
2537,8,5,2,3
2538,6,5,5,7
2539,2,9,2,0
2540,5,2,7,9
2541,5,6,8,9
2542,2,2,8,0
2543,9,0,8,5
2544,9,0,6,5
2545,7,0,2,0
2546,8,9,6,2
2547,6,4,5,9
2548,4,9,4,7
2549,3,8,6,5
2550,6,6,8,5
2551,9,9,1,0
2552,0,7,5,8
2553,4,1,0,1
2554,2,5,1,5
2555,5,4,2,9
2556,3,5,6,1
2557,8,4,5,1
2558,8,8,8,7
2559,6,9,4,1
2560,4,7,7,6
2561,3,7,0,9
2562,3,6,6,9
2563,2,8,4,9
2564,4,9,9,7
2565,4,3,0,7
2566,0,8,1,8
2567,9,0,0,8
2568,8,9,5,7
2569,9,4,3,3
2570,9,6,0,7
2571,6,6,6,7
2572,8,1,9,0
2573,2,8,7,6
2574,9,2,5,3
2575,4,8,7,8
2576,9,7,9,7
2577,9,3,2,5
2578,1,5,3,0
2579,2,1,2,2
2580,3,8,3,5
2581,9,2,4,1
2582,9,3,8,7
2583,5,9,4,7
2584,3,9,2,2
2585,6,1,8,9
2586,4,8,0,6
2587,5,1,8,3
2588,3,0,6,4
2589,8,2,8,7
2590,6,7,9,5
2591,5,0,4,2
2592,5,4,5,6
2593,2,9,9,8
2594,7,0,5,6
2595,9,1,1,6
2596,5,0,6,6
2597,7,7,9,0
2598,8,6,9,6
2599,4,3,0,3
2600,6,3,8,1
2601,8,2,9,4
2602,3,5,9,5
2603,1,8,6,5
2604,6,6,1,9
2605,1,8,4,7
2606,1,3,8,8
2607,7,4,6,6
2608,5,0,8,2
2609,6,7,6,5
2610,3,1,5,3
2611,3,8,5,4
2612,8,0,1,3
2613,8,5,0,3
2614,4,6,6,9
2615,9,3,2,9
2616,3,6,9,7
2617,4,4,5,0
2618,5,1,7,0
2619,8,9,1,0
2620,6,7,8,5
2621,2,9,3,6
2622,1,3,7,0
2623,0,6,2,2
2624,1,9,6,1
2625,1,9,9,9
2626,7,7,7,5
2627,0,9,3,7
2628,2,5,0,9
2629,5,3,7,6
2630,7,5,9,6
2631,6,6,1,5
2632,4,6,8,1
2633,0,3,2,5
2634,5,4,4,1
2635,8,3,2,8
2636,8,8,8,5
2637,0,4,4,8
2638,0,5,6,4
2639,7,6,0,9
2640,0,6,4,4
2641,6,9,7,0
2642,6,0,9,4
2643,9,3,8,6
2644,4,4,9,4
2645,1,2,6,7
2646,5,1,0,6
2647,8,8,3,4
2648,9,2,5,6
2649,2,9,8,9
2650,0,5,8,1
2651,2,3,7,5
2652,3,1,5,9
2653,2,3,0,3
2654,3,1,2,2
2655,0,3,8,9
2656,4,5,3,2
2657,2,3,3,7
2658,2,8,4,7
2659,7,0,4,3
2660,8,6,5,1
2661,9,6,3,6
2662,7,4,2,0
2663,5,5,1,3
2664,5,6,0,2
2665,8,4,1,7
2666,0,3,2,8
2667,7,9,4,0
2668,8,7,2,9
2669,8,9,2,1
2670,2,6,9,3
2671,8,3,6,7
2672,5,5,6,4
2673,9,8,9,2
2674,6,5,5,2
2675,5,5,8,0
2676,2,7,8,1
2677,6,2,0,3
2678,0,9,7,9
2679,2,0,9,9
2680,4,7,4,6
2681,3,5,9,9
2682,9,8,0,8
2683,2,5,5,2
2684,6,7,8,4
2685,9,9,9,8
2686,0,8,6,1
2687,4,3,4,1
2688,8,9,4,3
2689,0,2,4,5
2690,1,3,2,9
2691,6,9,5,3
2692,3,9,3,2
2693,4,6,5,2
2694,3,7,6,8
2695,2,7,8,6
2696,3,9,4,1
2697,4,9,0,8
2698,4,4,2,2
2699,6,4,2,5
2700,6,6,4,3
2701,1,6,4,0
2702,6,1,8,2
2703,9,0,0,2
2704,0,7,3,8
2705,9,0,8,0
2706,8,3,6,1
2707,0,6,2,1
2708,3,3,5,5
2709,4,1,8,9
2710,0,8,3,0
2711,1,4,0,8
2712,1,8,3,2
2713,9,1,5,7
2714,0,6,2,1
2715,7,7,5,2
2716,7,3,0,2
2717,2,1,0,4
2718,4,8,6,5
2719,4,0,7,6
2720,3,5,3,2
2721,8,4,3,5
2722,0,1,3,4
2723,0,1,7,8
2724,0,7,8,3
2725,0,8,3,2
2726,4,5,2,0
2727,2,7,8,4
2728,1,2,6,4
2729,9,0,9,3
2730,3,5,0,8
2731,7,9,8,2
2732,2,3,1,9
2733,9,4,2,4
2734,9,0,9,8
2735,3,6,9,0
2736,3,1,1,1
2737,8,7,3,2
2738,9,4,1,3
2739,4,2,2,5
2740,4,8,5,1
2741,3,1,4,8
2742,0,0,5,3
2743,4,1,0,8
2744,3,2,3,2
2745,0,4,3,9
2746,9,5,3,2
2747,4,4,0,7
2748,4,2,9,7
2749,1,2,7,6
2750,3,7,9,1
2751,7,0,0,1
2752,1,8,8,3
2753,0,2,2,3
2754,5,8,3,3
2755,8,3,6,6
2756,6,9,1,3
2757,0,9,6,5
2758,1,2,6,2
2759,0,3,0,6
2760,5,0,0,4
2761,7,9,5,6
2762,1,4,5,3
2763,8,8,5,5
2764,9,3,1,2
2765,4,7,9,3
2766,1,6,1,6
2767,3,1,7,2
2768,3,4,0,3
2769,8,1,1,5
2770,5,7,3,4
2771,3,6,4,7
2772,0,4,5,1
2773,6,8,5,6
2774,3,6,7,9
2775,8,3,0,3
2776,5,6,8,6
2777,2,3,6,0
2778,0,6,3,9
2779,9,9,5,4
2780,7,3,3,5
2781,3,0,8,6
2782,9,0,0,5
2783,9,7,5,9
2784,0,4,9,2
2785,4,4,1,0
2786,8,4,4,1
2787,9,8,7,4
2788,4,5,8,3
2789,4,1,4,2
2790,8,6,9,9
2791,2,5,4,8
2792,2,7,6,4
2793,8,8,4,2
2794,8,6,8,3
2795,5,9,0,4
2796,7,8,9,9
2797,9,4,0,8
2798,1,5,7,3
2799,3,9,7,1
2800,6,3,3,8
2801,2,1,2,0
2802,6,1,4,2
2803,5,2,0,5
2804,1,8,3,6
2805,4,3,1,6
2806,6,2,2,1
2807,5,0,8,3
2808,6,5,3,8
2809,3,1,5,9
2810,7,2,5,0
2811,6,4,3,6
2812,2,7,3,2
2813,2,9,2,6
2814,0,6,1,2
2815,7,9,4,4
2816,0,6,3,3
2817,1,3,3,8
2818,1,7,2,3
2819,3,3,6,0
2820,4,7,0,5
2821,2,9,5,1
2822,7,4,5,3
2823,2,2,9,8
2824,6,9,1,1
2825,9,5,9,7
2826,0,1,4,4
2827,6,2,3,2
2828,7,8,0,6
2829,7,9,0,0
2830,1,9,2,6
2831,8,6,5,7
2832,6,8,1,7
2833,9,9,4,1
2834,2,5,3,9
2835,4,5,5,1
2836,2,4,0,2
2837,9,1,7,0
2838,4,8,3,8
2839,6,8,8,9
2840,0,6,7,9
2841,5,5,3,9
2842,0,0,4,6
2843,3,4,5,0
2844,4,0,7,9
2845,2,2,5,4
2846,5,1,4,8
2847,5,5,2,2
2848,6,8,5,9
2849,7,3,6,7
2850,4,5,7,9
2851,2,8,0,8
2852,4,7,9,5
2853,1,6,3,0
2854,6,5,8,4
2855,2,8,3,1
2856,2,3,6,7
2857,8,4,9,0
2858,6,8,5,9
2859,5,1,2,3
2860,5,5,7,7
2861,5,2,3,4
2862,5,9,9,2
2863,9,8,0,0
2864,6,4,0,5
2865,9,4,7,8
2866,3,3,0,5
2867,1,2,7,0
2868,4,3,9,9
2869,8,9,4,4
2870,8,1,1,7
2871,3,5,0,2
2872,2,8,8,8
2873,5,4,6,8
2874,4,2,5,0
2875,5,5,3,2
2876,8,8,9,0
2877,1,1,0,5
2878,9,2,4,9
2879,6,2,1,9
2880,2,3,6,0
2881,8,9,8,2
2882,3,6,3,6
2883,6,7,0,0
2884,9,1,0,5
2885,9,3,0,5
2886,8,8,6,4
2887,9,3,6,7
2888,3,7,2,5
2889,8,4,2,1
2890,1,6,9,3
2891,6,9,8,9
2892,2,8,1,5
2893,3,8,8,6
2894,8,9,3,6
2895,2,7,3,1
2896,2,3,2,8
2897,8,9,0,7
2898,3,3,8,2
2899,0,2,4,7
2900,9,8,4,1
2901,1,4,2,9
2902,0,8,6,3
2903,1,5,7,7
2904,5,1,9,3
2905,1,4,5,8
2906,9,0,9,8
2907,7,8,7,9
2908,5,7,2,2
2909,5,4,8,2
2910,9,3,7,1
2911,3,1,9,2
2912,3,3,4,2
2913,1,3,1,6
2914,0,5,9,0
2915,5,0,7,7
2916,7,9,3,6
2917,6,2,0,3
2918,1,5,9,0
2919,5,8,9,6
2920,4,1,7,7
2921,4,5,1,4
2922,3,9,9,5
2923,7,9,0,0
2924,3,5,3,7
2925,2,3,9,2
2926,0,5,4,0
2927,6,5,7,8
2928,4,3,7,0
2929,7,2,3,3
2930,9,4,0,7
2931,9,8,5,1
2932,7,0,6,3
2933,6,7,0,3
2934,3,2,5,1
2935,8,4,6,1
2936,6,1,5,5
2937,4,3,6,9
2938,2,0,5,2
2939,9,5,3,3
2940,0,6,6,9
2941,8,2,8,5
2942,0,0,5,6
2943,4,1,9,5
2944,8,5,4,4
2945,2,1,2,0
2946,8,0,5,5
2947,9,4,0,9
2948,0,4,3,4
2949,3,6,5,1
2950,5,0,7,5
2951,2,0,8,1
2952,5,2,0,0
2953,1,6,1,9
2954,5,6,4,1
2955,1,5,1,5
2956,7,4,8,6
2957,2,4,6,5
2958,2,2,7,8
2959,4,2,9,5
2960,2,9,4,8
2961,5,4,9,0
2962,3,5,9,7
2963,8,6,2,3
2964,0,8,4,7
2965,1,9,8,6
2966,3,0,8,8
2967,4,7,8,2
2968,3,2,0,7
2969,4,2,1,1
2970,7,6,9,1
2971,7,3,4,3
2972,6,0,9,4
2973,7,7,7,0
2974,9,9,2,8
2975,5,3,6,1
2976,4,9,5,5
2977,0,3,0,0
2978,6,8,5,6
2979,1,3,0,0
2980,5,4,0,2
2981,2,6,1,8
2982,1,2,4,8
2983,4,1,9,2
2984,5,1,2,0
2985,4,1,3,5
2986,7,2,2,2
2987,6,8,7,2
2988,9,1,2,5
2989,7,0,9,8
2990,6,1,1,9
2991,7,7,1,8
2992,6,6,3,5
2993,0,6,9,6
2994,9,8,5,6
2995,7,9,7,5
2996,9,6,1,5
2997,4,1,4,4
2998,0,8,6,6
2999,1,0,5,6
3000,7,9,3,1
3001,0,0,3,5
3002,8,9,1,5
3003,5,2,2,3
3004,6,0,4,4
3005,4,3,7,6
3006,1,4,4,0
3007,7,3,2,3
3008,0,8,5,4
3009,5,6,4,3
3010,8,4,1,6
3011,0,9,4,2
3012,6,0,2,2
3013,2,7,4,3
3014,0,1,1,2
3015,8,6,5,1
3016,1,4,0,2
3017,3,7,1,3
3018,4,5,7,5
3019,8,2,6,5
3020,0,9,9,9
3021,2,3,6,1
3022,0,6,5,2
3023,8,7,7,9
3024,3,8,7,4
3025,9,9,0,2
3026,3,4,1,4
3027,5,7,1,6
3028,3,1,3,2
3029,5,4,8,5
3030,9,1,6,5
3031,3,3,8,0
3032,9,9,4,1
3033,0,6,3,2
3034,2,0,4,4
3035,9,2,3,8
3036,7,3,1,6
3037,7,3,8,9
3038,1,1,1,1
3039,7,8,1,6
3040,3,0,4,3
3041,5,1,3,8
3042,2,6,3,2
3043,7,0,9,8
3044,7,7,1,9
3045,6,8,4,1
3046,2,1,0,9
3047,5,7,7,7
3048,8,9,4,1
3049,3,7,1,8
3050,7,5,3,2
3051,8,5,5,5
3052,6,1,3,3
3053,8,0,7,7
3054,8,7,5,1
3055,7,3,7,1
3056,4,1,2,3
3057,9,1,7,1
3058,6,8,2,4
3059,6,5,3,0
3060,3,0,4,4
3061,8,0,6,4
3062,3,3,2,4
3063,8,5,3,3
3064,4,7,6,9
3065,3,9,8,6
3066,7,2,1,8
3067,4,5,1,8
3068,6,4,0,6
3069,7,1,8,9
3070,3,7,6,8
3071,9,9,0,3
3072,3,9,9,0
3073,1,3,5,0
3074,8,3,0,1
3075,7,4,2,4
3076,2,8,4,8
3077,4,3,8,0
3078,7,6,8,0
3079,2,6,6,3
3080,5,6,1,6
3081,2,0,7,2
3082,3,7,7,8
3083,5,5,5,8
3084,2,3,9,1
3085,3,3,3,2
3086,8,9,7,5
3087,2,4,1,3
3088,1,0,5,5
3089,7,5,4,6
3090,2,6,4,3
3091,2,9,0,6
3092,7,6,2,0
3093,5,2,8,4
3094,4,0,6,8
3095,0,6,0,5
3096,0,3,6,4
3097,6,9,0,0
3098,6,2,8,0
3099,4,9,4,5
3100,1,6,2,0
3101,5,4,9,1
3102,9,6,0,7
3103,4,1,9,9
3104,0,7,2,0
3105,0,8,0,1
3106,4,0,1,2
3107,0,9,1,2
3108,1,7,6,8
3109,1,5,6,7
3110,2,9,9,1
3111,7,7,2,5
3112,9,3,4,5
3113,8,4,4,6
3114,8,6,5,3
3115,6,3,5,3
3116,4,3,9,2
3117,8,0,3,2
3118,7,2,8,9
3119,3,1,0,7
3120,7,4,9,7
3121,4,9,7,0
3122,0,5,8,0
3123,3,3,1,1
3124,8,0,2,9
3125,9,9,3,7
3126,6,5,3,3
3127,7,7,1,3
3128,8,9,6,4
3129,9,4,9,7
3130,2,7,0,8
3131,5,1,9,3
3132,6,4,0,8
3133,0,0,8,5
3134,0,4,9,6
3135,6,8,5,3
3136,6,9,2,5
3137,8,7,0,9
3138,2,1,6,9
3139,6,9,3,5
3140,2,7,3,2
3141,3,0,6,7
3142,6,0,9,6
3143,5,0,4,0
3144,6,6,4,1
3145,7,9,6,1
3146,4,0,6,8
3147,8,6,6,2
3148,7,5,1,3
3149,1,1,1,7
3150,7,2,3,0
3151,1,1,8,2
3152,1,1,7,3
3153,8,5,1,5
3154,3,3,3,2
3155,3,1,8,0
3156,7,8,7,9
3157,6,2,2,4
3158,6,4,2,0
3159,2,5,1,0
3160,9,4,2,2
3161,3,2,2,1
3162,3,2,7,0
3163,6,4,9,1
3164,8,9,6,5
3165,8,6,5,1
3166,7,8,1,5
3167,4,8,7,4
3168,7,6,7,5
3169,1,1,7,7
3170,9,4,3,7
3171,0,9,4,5
3172,9,9,0,4
3173,3,3,8,8
3174,8,2,7,5
3175,8,4,9,9
3176,5,8,8,9
3177,8,4,7,9
3178,8,5,1,6
3179,7,8,2,3
3180,5,6,3,7
3181,2,3,3,0
3182,5,4,2,5
3183,5,4,8,9
3184,1,5,5,6
3185,8,7,1,0
3186,0,5,7,1
3187,8,7,8,5
3188,1,6,6,1
3189,2,6,5,9
3190,8,1,0,3
3191,0,3,1,9
3192,6,9,9,5
3193,5,3,9,4
3194,7,3,1,4
3195,2,8,1,7
3196,1,5,8,6
3197,3,3,9,7
3198,9,2,8,6
3199,8,8,9,9
3200,2,4,3,9
3201,8,6,7,3
3202,8,3,8,1
3203,0,5,2,7
3204,1,2,0,7
3205,8,0,3,9
3206,4,8,3,4
3207,4,0,7,6
3208,3,7,5,4
3209,0,1,9,8
3210,6,0,4,1
3211,0,7,6,9
3212,5,8,0,9
3213,0,1,8,1
3214,2,1,8,9
3215,3,4,9,4
3216,0,7,9,3
3217,0,0,8,9
3218,8,4,3,0
3219,9,6,1,1
3220,1,8,0,9
3221,3,7,9,2
3222,0,7,3,1
3223,3,8,6,1
3224,9,8,5,8
3225,4,4,4,2
3226,4,5,8,6
3227,2,2,5,7
3228,5,9,0,4
3229,9,5,9,2
3230,1,2,6,9
3231,8,6,9,7
3232,6,2,8,1
3233,2,1,4,1
3234,7,2,1,7
3235,6,8,4,8
3236,8,3,1,6
3237,1,8,7,3
3238,0,7,2,1
3239,6,9,2,6
3240,2,3,1,2
3241,2,3,9,2
3242,2,6,1,3
3243,7,9,3,5
3244,7,2,7,6
3245,4,2,9,2
3246,4,9,3,4
3247,2,5,5,4
3248,7,8,8,0
3249,5,4,3,3
3250,8,0,3,2
3251,9,9,5,1
3252,0,0,1,2
3253,0,7,4,0
3254,7,7,0,4
3255,8,1,7,2
3256,3,1,2,6
3257,3,7,9,2
3258,2,5,0,2
3259,6,1,9,6
3260,4,3,4,7
3261,6,4,4,7
3262,9,2,9,8
3263,3,9,7,4
3264,8,4,7,5
3265,0,7,0,4
3266,1,4,3,4
3267,6,0,9,8
3268,7,1,8,8
3269,7,0,4,0
3270,8,1,9,1
3271,3,6,5,3
3272,1,7,4,6
3273,6,3,7,7
3274,5,3,4,9
3275,4,3,7,1
3276,7,4,7,0
3277,4,1,3,4
3278,5,7,3,7
3279,6,5,4,5
3280,6,5,1,6
3281,4,0,5,0
3282,2,2,5,8
3283,2,6,1,0
3284,0,6,1,7
3285,7,4,0,9
3286,1,7,7,7
3287,4,8,6,8
3288,1,1,9,6
3289,2,7,7,1
3290,5,7,5,5
3291,7,2,1,9
3292,8,1,7,9
3293,6,3,8,6
3294,3,8,8,6
3295,2,4,0,8
3296,9,6,1,7
3297,5,7,4,3
3298,5,9,2,3
3299,4,5,2,2
3300,1,9,0,9
3301,1,6,4,7
3302,6,9,1,1
3303,3,7,9,2
3304,3,8,6,2
3305,8,6,1,1
3306,2,1,2,7
3307,0,8,7,2
3308,5,3,1,0
3309,1,5,1,3
3310,1,4,2,4
3311,1,2,4,1
3312,3,5,1,0
3313,4,3,5,5
3314,3,8,0,7
3315,4,1,5,6
3316,9,7,7,9
3317,2,0,1,9
3318,9,1,3,1
3319,0,7,9,1
3320,2,8,1,4
3321,1,3,6,9
3322,8,9,6,4
3323,4,9,8,8
3324,1,3,5,7
3325,0,2,2,3
3326,5,4,7,0
3327,5,1,1,2
3328,7,0,5,7
3329,5,2,0,4
3330,2,6,8,3
3331,4,9,1,6
3332,8,6,0,4
3333,2,6,2,8
3334,9,5,6,9
3335,0,7,5,8
3336,4,3,6,9
3337,0,9,8,1
3338,6,7,0,5
3339,3,0,8,9
3340,0,9,4,8
3341,6,5,2,1
3342,9,9,4,0
3343,1,2,2,0
3344,0,6,4,3
3345,1,1,8,2
3346,8,1,5,2
3347,0,0,1,1
3348,3,0,5,7
3349,2,8,7,9
3350,6,0,1,7
3351,8,5,9,6
3352,1,2,3,4
3353,3,0,1,9
3354,8,5,8,5
3355,8,9,4,7
3356,4,3,1,0
3357,7,3,7,2
3358,8,6,0,8
3359,4,5,4,5
3360,6,2,0,0
3361,2,0,4,4
3362,6,7,6,7
3363,5,7,5,3
3364,8,4,9,1
3365,9,3,3,8
3366,3,7,3,3
3367,9,2,6,6
3368,3,8,4,5
3369,7,0,8,5
3370,0,7,5,0
3371,3,0,4,6
3372,5,4,9,9
3373,1,5,6,4
3374,0,4,2,4
3375,0,0,2,5
3376,6,2,8,5
3377,1,4,6,9
3378,4,9,7,8
3379,9,4,1,0
3380,9,4,2,1
3381,4,8,7,7
3382,3,6,6,0
3383,7,1,0,7
3384,1,1,3,4
3385,9,4,1,4
3386,0,0,5,0
3387,9,5,6,5
3388,8,8,3,0
3389,7,4,8,6
3390,5,4,4,0
3391,9,4,5,6
3392,6,2,3,8
3393,7,2,0,4
3394,3,1,0,9
3395,3,9,8,7
3396,6,3,7,4
3397,4,6,9,5
3398,9,5,0,5
3399,8,1,0,1
3400,9,0,8,2
3401,9,7,6,8
3402,2,1,7,9
3403,8,1,0,6
3404,7,5,3,2
3405,2,9,9,6
3406,2,5,5,7
3407,5,2,0,3
3408,0,5,9,8
3409,5,7,4,4
3410,7,4,7,4
3411,8,0,0,8
3412,6,3,4,8
3413,2,4,5,4
3414,1,5,9,0
3415,3,9,2,7
3416,1,7,0,9
3417,5,3,9,3
3418,9,5,7,0
3419,9,9,0,9
3420,8,4,4,1
3421,1,5,0,6
3422,4,1,2,0
3423,4,4,4,0
3424,1,8,9,2
3425,8,3,1,1
3426,7,5,3,4
3427,7,9,2,1
3428,4,0,5,8
3429,7,5,7,1
3430,2,9,0,5
3431,3,3,9,4
3432,9,8,1,8
3433,2,8,1,3
3434,9,7,9,4
3435,4,8,8,9
3436,7,2,2,2
3437,9,7,3,8
3438,5,5,7,3
3439,9,1,7,9
3440,3,7,0,7
3441,0,2,3,4
3442,8,3,4,4
3443,9,5,7,2
3444,4,3,3,7
3445,8,6,6,5
3446,0,1,8,9
3447,6,3,5,4
3448,9,2,2,6
3449,4,0,4,0
3450,4,6,9,8
3451,0,9,8,4
3452,8,7,4,2
3453,5,9,6,5
3454,9,5,6,0
3455,4,9,8,9
3456,0,5,7,7
3457,1,0,9,3
3458,8,4,4,0
3459,5,7,6,5
3460,7,9,5,4
3461,6,9,6,9
3462,9,4,2,7
3463,2,3,0,5
3464,1,4,7,7
3465,2,9,4,7
3466,8,8,8,7
3467,5,7,5,5
3468,5,3,6,8
3469,0,3,8,6
3470,3,0,2,9
3471,4,8,3,5
3472,2,2,6,8
3473,2,9,7,0
3474,4,1,6,1
3475,8,3,8,2
3476,8,5,6,0
3477,6,2,1,6
3478,4,3,3,8
3479,9,5,2,2
3480,3,7,1,2
3481,4,5,7,1
3482,5,7,9,6
3483,7,1,5,9
3484,8,4,9,3
3485,3,1,1,0
3486,9,1,3,3
3487,0,7,1,1
3488,6,2,6,5
3489,5,9,0,3
3490,8,5,5,4
3491,1,5,4,6
3492,5,9,9,4
3493,6,5,9,9
3494,9,0,0,2
3495,1,8,4,1
3496,9,4,5,4
3497,7,6,4,6
3498,0,8,2,0
3499,5,4,7,4
3500,9,3,6,0
3501,4,1,6,7
3502,7,9,9,5
3503,9,0,3,4
3504,5,8,7,9
3505,5,3,9,5
3506,5,1,9,4
3507,8,6,6,0
3508,7,9,2,2
3509,8,4,7,7
3510,1,4,6,7
3511,2,8,6,8
3512,4,9,0,0
3513,4,7,6,7
3514,2,8,5,9
3515,6,0,0,4
3516,9,1,7,0
3517,4,7,6,2
3518,9,6,0,7
3519,8,8,9,7
3520,2,9,5,2
3521,7,0,6,7
3522,1,1,7,1
3523,5,5,4,9
3524,5,9,5,2
3525,3,6,0,8
3526,7,3,5,6
3527,9,3,9,5
3528,3,7,7,8
3529,9,5,8,2
3530,1,9,8,2
3531,9,6,3,2
3532,0,2,7,3
3533,1,3,3,2
3534,9,0,7,3
3535,7,5,3,1
3536,3,2,7,3
3537,2,0,5,2
3538,3,1,4,8
3539,3,4,6,4
3540,3,4,0,5
3541,8,5,1,2
3542,2,5,3,1
3543,0,7,8,3
3544,7,7,7,3
3545,1,5,9,5
3546,8,7,9,1
3547,9,3,8,3
3548,3,9,8,0
3549,7,0,6,4
3550,5,6,3,8
3551,3,8,4,7
3552,3,0,1,9
3553,0,6,2,4
3554,9,4,4,4
3555,6,2,6,2
3556,3,9,1,1
3557,9,1,5,9
3558,6,7,0,8
3559,3,3,9,7
3560,9,3,7,5
3561,6,9,6,4
3562,3,0,9,2
3563,3,4,0,2
3564,5,8,8,8
3565,6,2,5,8
3566,2,3,4,0
3567,2,3,7,6
3568,0,6,7,3
3569,2,8,2,1
3570,5,7,7,7
3571,7,3,2,9
3572,5,6,4,7
3573,3,1,7,8
3574,9,5,8,5
3575,3,4,3,3
3576,9,3,3,3
3577,8,2,2,2
3578,7,3,0,3
3579,4,2,9,5
3580,5,8,9,3
3581,2,8,8,7
3582,4,4,2,4
3583,4,3,7,9
3584,8,4,7,1
3585,4,4,6,5
3586,3,4,1,7
3587,2,1,0,5
3588,2,9,3,5
3589,4,3,2,7
3590,1,1,0,5
3591,1,5,6,4
3592,3,5,7,5
3593,0,2,4,1
3594,0,1,8,1
3595,9,7,4,0
3596,5,9,8,5
3597,3,1,9,1
3598,5,9,9,7
3599,9,4,9,3
3600,4,8,9,6
3601,6,9,3,8
3602,5,0,2,2
3603,3,3,1,5
3604,8,1,0,4
3605,5,3,5,9
3606,3,0,0,2
3607,6,7,1,7
3608,1,4,6,0
3609,2,3,9,0
3610,4,8,6,8
3611,6,7,7,5
3612,0,7,9,9
3613,6,2,5,3
3614,5,9,7,0
3615,2,6,0,0
3616,7,7,9,3
3617,1,0,5,6
3618,3,4,1,6
3619,1,1,1,4
3620,7,8,9,5
3621,0,0,9,5
3622,4,2,3,7
3623,4,5,6,9
3624,6,5,5,4
3625,3,3,0,7
3626,7,3,7,2
3627,8,5,0,3
3628,6,8,3,6
3629,1,2,9,5
3630,9,6,0,4
3631,6,9,8,5
3632,1,6,6,7
3633,7,2,0,9
3634,9,9,9,1
3635,8,2,2,6
3636,7,7,6,0
3637,7,1,7,3
3638,1,3,6,4
3639,1,6,7,6
3640,9,9,5,7
3641,7,2,5,1
3642,6,4,1,8
3643,9,8,9,2
3644,0,5,4,4
3645,5,5,8,7
3646,4,6,3,7
3647,2,5,6,5
3648,8,4,7,9
3649,3,0,1,6
3650,4,6,9,7
3651,2,4,0,3
3652,9,7,0,6
3653,2,0,3,3
3654,1,4,2,6
3655,3,9,9,7
3656,7,5,4,7
3657,3,9,9,6
3658,8,0,9,6
3659,0,7,8,4
3660,1,9,2,9
3661,4,7,3,0
3662,0,9,3,4
3663,6,5,5,0
3664,2,9,4,0
3665,3,1,4,1
3666,5,4,1,2
3667,8,3,8,7
3668,8,6,5,5
3669,1,5,5,0
3670,4,7,9,1
3671,2,5,8,8
3672,4,1,5,6
3673,2,1,0,1
3674,0,9,5,1
3675,2,3,4,2
3676,1,8,8,6
3677,9,9,1,6
3678,3,5,2,9
3679,8,6,9,7
3680,1,7,8,0
3681,9,0,1,2
3682,1,2,9,6
3683,3,7,2,8
3684,1,6,7,4
3685,4,0,7,6
3686,0,6,8,1
3687,0,6,1,2
3688,6,2,8,4
3689,2,6,9,5
3690,5,9,7,0
3691,7,7,0,8
3692,5,5,3,6
3693,6,1,2,4
3694,2,9,8,3
3695,0,2,3,0
3696,0,2,4,5
3697,7,9,4,1
3698,6,3,3,3
3699,8,2,9,9
3700,0,5,4,0
3701,2,0,0,9
3702,7,7,8,8
3703,1,2,1,9
3704,6,2,3,3
3705,3,2,7,4
3706,0,7,4,2
3707,5,3,9,5
3708,0,7,5,2
3709,6,7,3,1
3710,6,8,7,9
3711,3,3,9,1
3712,3,0,7,0
3713,3,2,5,5
3714,1,3,6,2
3715,1,0,9,1
3716,5,7,7,2
3717,2,4,0,4
3718,3,5,7,9
3719,8,7,6,6
3720,1,4,5,4
3721,7,6,1,8
3722,6,0,1,2
3723,0,1,8,9
3724,4,1,1,8
3725,7,2,1,9
3726,0,8,9,5
3727,7,6,0,4
3728,0,0,2,8
3729,6,1,8,2
3730,4,2,3,0
3731,4,3,4,1
3732,2,6,4,2
3733,6,3,3,2
3734,7,7,3,9
3735,1,8,2,3
3736,1,3,8,5
3737,7,4,7,1
3738,2,2,0,4
3739,3,8,4,0
3740,9,8,6,5
3741,6,5,8,1
3742,1,7,1,1
3743,2,6,9,8
3744,8,0,2,5
3745,7,3,5,2
3746,4,1,1,4
3747,8,6,3,2
3748,8,0,7,5
3749,2,9,3,0
3750,9,1,7,2
3751,2,5,6,9
3752,3,4,5,3
3753,7,7,7,1
3754,8,5,1,1
3755,9,3,8,2
3756,0,4,6,1
3757,9,3,5,4
3758,0,5,9,0
3759,3,5,9,9
3760,2,1,4,0
3761,4,6,1,2
3762,9,0,0,1
3763,6,2,8,2
3764,5,7,8,1
3765,8,3,6,2
3766,1,8,1,1
3767,2,0,5,2
3768,2,8,3,0
3769,1,1,6,6
3770,7,5,2,3
3771,8,5,4,9
3772,0,2,0,6
3773,7,1,6,1
3774,2,2,6,5
3775,8,3,3,0
3776,7,4,4,8
3777,1,0,4,7
3778,2,4,5,5
3779,4,5,0,8
3780,0,8,7,0
3781,9,7,5,8
3782,4,3,3,3
3783,6,5,4,7
3784,1,0,3,4
3785,2,9,8,6
3786,3,7,3,1
3787,9,5,0,0
3788,5,2,9,1
3789,3,0,5,9
3790,4,1,1,1
3791,4,1,6,2
3792,3,6,7,1
3793,8,8,5,6
3794,5,7,2,9
3795,0,3,8,9
3796,9,5,1,2
3797,3,9,4,0
3798,3,6,5,9
3799,8,0,0,0
3800,8,8,8,7
3801,5,2,5,1
3802,6,9,6,0
3803,1,1,6,5
3804,7,6,8,9
3805,2,7,6,4
3806,8,0,6,6
3807,6,8,9,2
3808,4,4,7,2
3809,6,1,9,1
3810,0,0,0,5
3811,3,7,5,0
3812,4,0,5,1
3813,7,2,8,5
3814,2,9,6,3
3815,9,8,9,4
3816,1,2,1,8
3817,1,8,9,5
3818,5,1,1,1
3819,0,1,1,8
3820,4,8,0,0
3821,0,6,8,7
3822,6,5,3,1
3823,1,8,5,6
3824,9,3,7,2
3825,8,7,4,9
3826,3,0,4,5
3827,3,3,8,0
3828,2,3,9,5
3829,3,6,2,4
3830,5,4,2,7
3831,1,8,5,6
3832,3,1,4,7
3833,7,5,1,6
3834,5,9,4,6
3835,6,6,6,2
3836,8,6,3,1
3837,4,3,0,5
3838,2,1,1,8
3839,3,3,7,3
3840,2,7,0,5
3841,6,4,8,5
3842,4,0,0,1
3843,1,6,9,7
3844,7,8,3,6
3845,5,8,7,7
3846,7,8,1,1
3847,8,4,8,4
3848,0,3,4,2
3849,2,4,9,1
3850,8,1,9,1
3851,6,3,8,1
3852,5,8,2,4
3853,1,8,7,5
3854,6,9,8,0
3855,7,7,3,4
3856,0,5,2,1
3857,9,5,9,2
3858,8,4,0,1
3859,4,5,5,6
3860,7,2,6,0
3861,7,2,1,8
3862,9,5,0,7
3863,7,5,4,7
3864,2,2,1,8
3865,1,2,4,7
3866,7,4,4,0
3867,5,1,4,8
3868,2,4,5,4
3869,9,6,8,1
3870,2,5,5,4
3871,1,3,5,8
3872,9,9,1,0
3873,7,8,1,5
3874,0,3,1,8
3875,8,5,9,0
3876,0,5,3,8
3877,7,5,9,4
3878,5,2,2,1
3879,9,9,6,7
3880,3,8,7,0
3881,4,4,7,1
3882,4,4,4,9
3883,9,7,4,0
3884,5,1,6,4
3885,1,5,4,2
3886,9,3,1,7
3887,9,3,6,1
3888,5,9,4,6
3889,0,5,9,4
3890,4,4,9,1
3891,5,4,3,3
3892,7,4,0,1
3893,2,2,1,7
3894,9,3,7,4
3895,8,4,8,6
3896,7,4,3,6
3897,6,2,6,9
3898,3,7,5,3
3899,8,0,4,1
3900,3,1,6,1
3901,2,5,7,4
3902,5,5,7,4
3903,8,6,1,6
3904,7,6,0,1
3905,1,6,9,1
3906,9,4,4,4
3907,5,1,7,3
3908,5,5,7,8
3909,0,0,6,9
3910,3,7,9,2
3911,7,6,6,0
3912,8,8,4,2
3913,1,8,3,6
3914,0,8,6,9
3915,7,1,3,0
3916,7,9,3,6
3917,8,6,3,6
3918,0,3,1,3
3919,6,0,4,1
3920,4,0,3,9
3921,3,8,9,2
3922,7,3,2,1
3923,5,9,8,7
3924,7,4,3,8
3925,5,5,1,7
3926,8,6,0,5
3927,9,2,1,9
3928,3,5,0,9
3929,4,7,8,6
3930,6,9,3,3
3931,3,8,1,8
3932,2,0,6,8
3933,7,5,1,5
3934,7,3,0,6
3935,3,8,1,1
3936,4,2,9,3
3937,7,6,8,4
3938,6,8,5,9
3939,7,0,7,8
3940,6,1,9,2
3941,0,5,9,3
3942,2,1,8,2
3943,4,9,9,1
3944,5,1,0,9
3945,6,9,1,9
3946,0,3,5,4
3947,6,5,7,9
3948,1,4,5,5
3949,1,2,5,1
3950,8,4,2,5
3951,0,5,2,9
3952,6,2,0,5
3953,3,7,2,3
3954,0,1,0,3
3955,3,7,2,9
3956,2,6,0,2
3957,5,5,9,5
3958,5,5,6,8
3959,8,3,6,0
3960,0,3,7,0
3961,9,8,9,7
3962,0,2,9,6
3963,0,5,8,1
3964,2,3,3,0
3965,7,7,4,8
3966,8,5,4,7
3967,6,1,2,2
3968,7,3,2,7
3969,3,1,6,1
3970,4,8,8,6
3971,2,0,2,6
3972,5,1,4,6
3973,3,0,4,5
3974,9,3,2,2
3975,1,7,4,8
3976,0,1,0,1
3977,8,1,0,2
3978,7,4,0,9
3979,0,1,1,3
3980,0,4,0,2
3981,8,7,9,3
3982,6,9,5,0
3983,6,9,8,3
3984,5,1,6,6
3985,7,5,4,9
3986,4,7,2,9
3987,9,9,6,2
3988,4,2,6,4
3989,1,4,8,2
3990,9,9,4,8
3991,7,1,8,8
3992,4,8,9,1
3993,7,6,1,5
3994,2,6,0,4
3995,5,1,6,3
3996,3,5,4,9
3997,5,0,5,1
3998,0,1,3,4
3999,1,0,1,8
4000,0,7,9,3
4001,3,9,1,5
4002,4,7,8,4
4003,1,5,2,4
4004,7,3,8,3
4005,9,2,0,9
4006,4,3,4,4
4007,9,1,2,4
4008,0,6,2,1
4009,7,8,9,3
4010,7,4,5,7
4011,4,8,5,1
4012,9,7,3,9
4013,6,5,8,4
4014,3,7,2,2
4015,8,5,9,8
4016,7,7,8,0
4017,6,3,2,6
4018,1,7,8,4
4019,0,2,8,6
4020,8,7,0,4
4021,3,0,8,7
4022,1,9,7,6
4023,7,8,0,7
4024,7,7,2,8
4025,0,0,0,6
4026,4,4,9,8
4027,7,3,8,1
4028,6,7,9,9
4029,8,9,5,4
4030,9,4,5,0
4031,6,3,9,2
4032,7,8,4,2
4033,2,8,8,4
4034,3,3,4,2
4035,9,6,1,4
4036,8,1,8,6
4037,1,1,7,1
4038,5,5,3,3
4039,4,3,6,8
4040,9,8,4,0
4041,1,8,9,6
4042,1,7,1,3
4043,5,6,8,6
4044,3,3,0,5
4045,4,6,2,1
4046,4,5,9,6
4047,6,1,2,0
4048,3,2,8,1
4049,8,4,2,4
4050,8,6,8,4
4051,0,7,8,2
4052,4,9,3,1
4053,3,0,5,8
4054,9,9,4,6
4055,4,3,3,7
4056,2,0,6,9
4057,5,1,1,3
4058,1,2,8,4
4059,5,8,1,0
4060,2,1,4,2
4061,1,9,1,8
4062,1,8,4,1
4063,0,9,0,9
4064,7,8,0,2
4065,3,4,9,6
4066,9,3,5,3
4067,7,1,7,6
4068,3,4,0,4
4069,2,8,0,7
4070,1,6,6,6
4071,7,9,4,1
4072,9,9,3,5
4073,7,2,8,1
4074,7,0,2,8
4075,4,2,2,8
4076,1,4,7,0
4077,8,3,1,2
4078,2,8,0,5
4079,6,7,3,6
4080,5,1,4,2
4081,5,0,9,6
4082,9,0,4,8
4083,7,7,3,9
4084,7,1,1,2
4085,2,8,2,7
4086,2,4,5,7
4087,6,4,0,5
4088,5,1,8,0
4089,3,5,1,6
4090,9,5,2,4
4091,1,6,9,1
4092,2,6,5,4
4093,0,5,1,9
4094,2,1,6,6
4095,3,5,3,9
4096,8,5,7,3
4097,1,1,9,1
4098,9,8,4,6
4099,2,3,7,0
4100,7,0,7,8
4101,9,1,5,4
4102,3,5,3,3
4103,6,4,5,9
4104,2,4,6,9
4105,7,2,0,3
4106,2,3,7,1
4107,9,0,0,7
4108,0,1,7,5
4109,8,8,7,6
4110,0,5,4,2
4111,6,7,7,6
4112,1,7,7,0
4113,6,2,2,3
4114,5,0,4,6
4115,9,3,8,7
4116,9,8,4,0
4117,6,0,0,8
4118,2,1,9,6
4119,5,7,0,8
4120,6,7,3,9
4121,8,6,2,0
4122,6,9,9,0
4123,2,5,8,4
4124,6,7,7,9
4125,8,0,9,9
4126,9,3,1,4
4127,4,7,8,8
4128,2,8,6,4
4129,0,5,6,3
4130,1,8,8,4
4131,3,7,9,5
4132,6,2,2,0
4133,1,1,6,6
4134,8,4,7,4
4135,2,7,9,4
4136,6,6,3,7
4137,3,9,5,3
4138,0,0,0,9
4139,6,7,5,8
4140,3,2,1,5
4141,8,6,1,5
4142,8,6,5,7
4143,3,3,4,9
4144,3,9,9,3
4145,2,2,2,2
4146,9,7,7,8
4147,9,9,0,4
4148,5,8,6,4
4149,6,9,5,0
4150,6,2,3,1
4151,7,9,0,1
4152,6,9,1,0
4153,6,5,6,9
4154,6,5,3,0
4155,8,4,9,2
4156,6,6,3,7
4157,6,3,5,9
4158,2,1,4,1
4159,7,8,0,9
4160,3,0,9,6
4161,8,7,7,9
4162,6,7,7,0
4163,7,1,4,5
4164,7,8,1,9
4165,0,3,3,5
4166,7,4,3,3
4167,6,8,9,8
4168,4,0,2,3
4169,9,1,7,7
4170,6,4,2,6
4171,1,9,9,0
4172,8,2,5,6
4173,2,8,7,0
4174,7,9,9,3
4175,4,9,1,4
4176,3,1,0,4
4177,3,0,5,8
4178,8,3,9,0
4179,7,9,6,5
4180,6,1,0,0
4181,1,5,6,8
4182,1,6,9,0
4183,9,4,6,1
4184,1,5,6,4
4185,5,4,5,3
4186,5,7,0,2
4187,6,8,3,4
4188,5,3,4,1
4189,4,1,0,5
4190,7,1,2,4
4191,0,9,6,3
4192,6,7,6,5
4193,2,6,9,9
4194,8,1,4,5
4195,2,3,8,4
4196,0,5,5,5
4197,2,9,2,2
4198,5,2,3,5
4199,8,0,6,3
4200,7,4,6,9
4201,4,4,6,8
4202,9,9,6,0
4203,9,7,9,2
4204,9,0,8,9
4205,0,0,7,5
4206,3,4,7,2
4207,0,5,5,3
4208,0,0,2,9
4209,5,8,7,2
4210,8,7,7,1
4211,6,3,8,3
4212,9,8,7,8
4213,2,9,5,6
4214,9,2,5,9
4215,9,3,8,6
4216,5,9,2,0
4217,1,3,1,8
4218,7,4,2,6
4219,6,6,7,7
4220,3,3,6,4
4221,8,3,9,9
4222,8,3,7,7
4223,7,8,5,9
4224,5,0,3,7
4225,1,7,5,7
4226,5,7,3,3
4227,3,9,3,0
4228,4,5,5,4
4229,6,4,2,5
4230,5,1,0,9
4231,6,2,5,5
4232,3,5,4,5
4233,6,2,8,4
4234,7,1,6,5
4235,8,2,2,5
4236,5,5,4,0
4237,0,5,9,7
4238,6,2,3,1
4239,5,1,8,7
4240,6,0,1,3
4241,3,3,1,8
4242,0,6,6,1
4243,4,0,9,9
4244,5,4,4,2
4245,4,0,5,6
4246,4,3,5,5
4247,4,1,0,9
4248,5,6,6,0
4249,8,1,5,1
4250,3,8,4,7
4251,4,0,6,5
4252,7,8,6,5
4253,2,2,9,8
4254,9,0,7,4
4255,3,2,0,9
4256,0,9,8,9
4257,9,4,3,7
4258,1,5,5,0
4259,4,7,5,0
4260,2,6,0,3
4261,9,0,3,0
4262,8,8,8,0
4263,1,7,3,1
4264,3,4,3,3
4265,9,0,4,3
4266,0,4,1,6
4267,7,7,0,6
4268,8,7,4,1
4269,4,1,2,1
4270,3,7,4,8
4271,7,5,2,2
4272,1,7,0,2
4273,9,3,9,5
4274,2,8,1,9
4275,8,0,0,0
4276,2,9,5,3
4277,3,4,4,9
4278,6,7,4,3
4279,3,9,1,9
4280,8,6,2,0
4281,5,2,3,1
4282,9,6,3,1
4283,0,8,8,7
4284,9,6,0,3
4285,3,6,1,9
4286,1,4,1,7
4287,1,0,1,8
4288,6,1,0,7
4289,1,0,6,3
4290,2,1,1,8
4291,1,8,0,9
4292,1,3,7,9
4293,2,7,2,7
4294,1,2,6,3
4295,7,8,9,9
4296,7,4,0,9
4297,8,9,3,7
4298,4,0,7,8
4299,5,8,6,6
4300,2,9,0,1
4301,5,3,0,6
4302,7,3,7,6
4303,5,1,3,2
4304,4,6,9,0
4305,6,7,9,0
4306,4,4,6,8
4307,8,3,5,4
4308,5,4,9,6
4309,6,7,7,8
4310,5,4,5,6
4311,3,6,1,9
4312,5,8,6,5
4313,6,1,8,6
4314,5,6,2,1
4315,2,2,2,7
4316,2,9,5,6
4317,1,9,4,4
4318,8,9,5,5
4319,4,1,5,0
4320,8,2,5,2
4321,8,3,3,9
4322,2,4,8,9
4323,1,4,9,2
4324,5,6,9,6
4325,7,3,2,3
4326,5,5,2,6
4327,4,8,9,3
4328,0,5,9,9
4329,9,0,2,1
4330,0,9,0,8
4331,1,4,9,9
4332,8,8,4,5
4333,2,3,3,9
4334,9,3,5,9
4335,3,1,2,0
4336,3,2,7,6
4337,8,8,1,3
4338,8,3,6,5
4339,8,4,5,8
4340,8,3,2,9
4341,5,7,3,8
4342,3,1,5,7
4343,7,0,2,7
4344,8,3,6,8
4345,2,3,3,2
4346,8,8,3,1
4347,1,5,7,6
4348,9,7,6,6
4349,3,7,3,0
4350,9,9,3,3
4351,2,6,0,0
4352,5,0,2,8
4353,4,9,4,4
4354,1,9,7,5
4355,6,4,2,9
4356,0,7,3,6
4357,7,4,8,6
4358,3,8,7,6
4359,5,2,5,2
4360,0,4,4,8
4361,7,7,4,2
4362,8,1,2,6
4363,2,2,9,3
4364,7,7,1,1
4365,0,5,7,0
4366,6,3,7,5
4367,8,1,8,8
4368,5,1,4,8
4369,7,7,7,7
4370,6,8,6,1
4371,0,5,5,1
4372,6,5,8,5
4373,3,8,2,3
4374,4,1,3,1
4375,8,6,2,2
4376,4,7,3,5
4377,3,7,4,4
4378,3,6,4,2
4379,8,5,2,5
4380,7,7,0,1
4381,1,7,0,1
4382,7,9,3,0
4383,8,4,5,9
4384,5,7,8,1
4385,1,0,8,4
4386,2,9,9,4
4387,3,1,4,1
4388,7,4,3,9
4389,3,7,7,8
4390,4,2,1,7
4391,8,0,3,4
4392,2,3,3,5
4393,6,0,5,1
4394,1,5,4,8
4395,5,9,0,6
4396,3,9,4,2
4397,9,0,1,3
4398,4,3,9,2
4399,1,3,0,8
4400,4,4,1,8
4401,8,1,3,2
4402,7,4,8,2
4403,0,4,8,3
4404,0,1,5,4
4405,7,5,4,6
4406,6,1,1,7
4407,0,8,6,9
4408,1,7,7,5
4409,8,4,0,3
4410,8,1,1,3
4411,9,1,0,4
4412,3,7,4,7
4413,7,3,9,8
4414,1,3,7,6
4415,3,9,4,0
4416,9,0,8,2
4417,7,2,9,9
4418,1,2,9,7
4419,3,6,5,9
4420,3,6,2,9
4421,2,6,8,8
4422,2,4,0,1
4423,7,5,3,0
4424,1,9,4,9
4425,0,4,1,1
4426,6,1,5,0
4427,8,9,7,6
4428,5,9,4,2
4429,9,0,4,4
4430,4,4,0,6
4431,7,0,2,8
4432,3,5,6,7
4433,7,9,3,5
4434,0,6,4,3
4435,0,8,4,6
4436,7,2,5,3
4437,8,9,8,4
4438,8,0,8,0
4439,7,3,1,8
4440,3,0,1,4
4441,8,8,7,2
4442,7,9,8,2
4443,5,1,7,9
4444,8,3,9,2
4445,4,3,1,5
4446,8,0,8,2
4447,2,9,4,8
4448,4,7,4,4
4449,7,4,0,9
4450,3,0,6,8
4451,5,5,5,6
4452,4,4,7,3
4453,4,3,8,0
4454,4,8,0,0
4455,9,7,5,0
4456,4,2,7,7
4457,2,0,2,4
4458,5,9,5,6
4459,2,9,1,3
4460,9,0,8,3
4461,5,8,1,3
4462,9,9,9,5
4463,2,0,0,8
4464,9,4,0,1
4465,8,3,9,1
4466,0,6,6,8
4467,7,8,6,9
4468,4,6,5,0
4469,8,2,0,8
4470,0,3,1,1
4471,1,0,6,5
4472,3,8,3,8
4473,5,8,6,3
4474,1,7,7,6
4475,4,0,9,7
4476,9,4,8,4
4477,1,9,0,4
4478,8,6,9,9
4479,9,9,2,9
4480,7,7,3,6
4481,1,3,5,5
4482,0,0,2,5
4483,0,3,8,8
4484,6,8,6,9
4485,9,2,2,8
4486,6,7,3,2
4487,7,6,5,6
4488,3,9,5,2
4489,6,5,7,2
4490,3,5,3,7
4491,2,8,6,1
4492,8,2,2,0
4493,7,2,8,1
4494,9,0,2,4
4495,9,1,0,9
4496,8,0,1,4
4497,7,1,7,0
4498,6,7,6,5
4499,4,5,6,4
4500,1,3,6,2
4501,1,6,1,3
4502,7,0,1,5
4503,8,5,9,7
4504,2,9,6,4
4505,9,4,2,7
4506,4,4,3,9
4507,1,0,1,9
4508,8,7,8,6
4509,8,0,1,9
4510,1,0,9,8
4511,0,2,3,7
4512,6,8,3,8
4513,9,3,8,4
4514,1,4,0,4
4515,3,7,4,1
4516,0,9,9,5
4517,2,2,7,7
4518,3,0,8,1
4519,4,8,2,0
4520,5,9,3,0
4521,5,0,3,0
4522,5,5,5,0
4523,0,4,9,4
4524,8,9,5,3
4525,7,5,4,3
4526,2,0,7,3
4527,5,4,0,4
4528,5,8,3,1
4529,5,3,1,4
4530,2,6,4,5
4531,6,4,3,3
4532,3,2,9,4
4533,0,3,7,1
4534,9,7,7,1
4535,3,7,5,6
4536,1,0,9,7
4537,0,3,2,8
4538,3,0,9,4
4539,8,4,6,9
4540,9,8,1,7
4541,5,7,6,9
4542,0,9,9,0
4543,1,4,1,5
4544,3,6,9,5
4545,2,1,5,0
4546,8,5,7,3
4547,3,0,5,7
4548,3,6,6,9
4549,0,2,6,1
4550,0,7,5,0
4551,4,8,0,2
4552,9,5,8,3
4553,7,6,3,3
4554,4,7,6,1
4555,6,6,1,2
4556,6,0,0,7
4557,4,7,9,6
4558,6,1,2,1
4559,0,4,2,0
4560,8,3,2,2
4561,3,0,8,0
4562,6,0,5,8
4563,1,0,1,8
4564,4,7,5,3
4565,0,9,0,5
4566,7,7,0,3
4567,7,5,4,6
4568,3,5,9,8
4569,4,5,9,9
4570,4,8,2,3
4571,5,5,7,5
4572,1,2,4,1
4573,3,7,9,9
4574,0,9,6,0
4575,3,2,3,0
4576,4,0,3,4
4577,0,8,1,8
4578,9,4,5,9
4579,4,8,6,3
4580,9,0,3,2
4581,7,0,9,7
4582,6,9,4,0
4583,2,0,5,4
4584,2,5,0,8
4585,9,1,7,8
4586,1,3,0,0
4587,1,9,1,2
4588,6,6,5,2
4589,6,6,4,6
4590,6,1,0,9
4591,3,4,0,2
4592,3,2,9,3
4593,4,7,8,7
4594,1,7,0,2
4595,8,7,8,5
4596,1,3,2,0
4597,5,5,7,1
4598,7,8,3,7
4599,7,9,8,5
4600,7,4,9,9
4601,3,8,7,7
4602,7,3,2,8
4603,4,0,8,8
4604,5,2,5,6
4605,4,6,7,1
4606,5,8,1,2
4607,2,8,8,2
4608,1,3,4,7
4609,9,1,3,9
4610,1,3,4,0
4611,7,9,2,5
4612,0,4,7,4
4613,6,5,0,5
4614,8,3,1,9
4615,4,7,5,6
4616,1,5,1,5
4617,3,8,0,6
4618,3,7,4,8
4619,5,7,5,0
4620,9,8,0,8
4621,0,6,8,1
4622,2,8,9,8
4623,7,9,5,9
4624,0,2,8,9
4625,4,3,7,8
4626,8,1,9,4
4627,8,5,7,6
4628,1,7,0,9
4629,4,9,9,5
4630,5,7,9,3
4631,3,4,9,1
4632,2,5,8,1
4633,0,9,2,4
4634,5,9,7,1
4635,9,8,0,0
4636,8,6,6,7
4637,2,5,1,9
4638,9,7,4,2
4639,5,9,5,1
4640,7,2,2,3
4641,8,6,6,1
4642,0,0,6,2
4643,5,5,2,0
4644,2,9,6,6
4645,5,8,8,1
4646,1,3,0,7
4647,1,3,1,5
4648,2,1,5,9
4649,3,7,8,7
4650,8,4,0,2
4651,6,1,5,4
4652,5,4,7,4
4653,4,0,8,7
4654,1,9,1,9
4655,6,3,4,7
4656,5,6,9,6
4657,0,2,0,2
4658,1,7,5,5
4659,6,8,4,1
4660,5,4,5,8
4661,2,8,5,1
4662,5,1,3,4
4663,3,9,0,6
4664,9,1,2,9
4665,6,4,2,3
4666,8,6,5,3
4667,7,5,6,8
4668,6,1,8,1
4669,0,2,0,9
4670,9,0,1,7
4671,2,2,3,8
4672,5,8,5,3
4673,6,5,4,1
4674,6,8,0,6
4675,9,4,8,3
4676,5,3,5,1
4677,9,2,9,5
4678,9,1,7,9
4679,4,8,7,4
4680,3,8,4,7
4681,3,1,9,2
4682,6,6,6,9
4683,2,3,1,8
4684,4,5,2,3
4685,6,0,0,3
4686,0,8,2,3
4687,0,7,9,5
4688,9,9,6,3
4689,8,6,2,7
4690,6,5,5,4
4691,8,2,3,9
4692,8,7,6,6
4693,1,1,7,1
4694,8,6,4,7
4695,0,9,7,3
4696,2,4,5,0
4697,0,5,5,1
4698,6,9,9,5
4699,3,9,9,7
4700,6,1,8,0
4701,4,3,4,8
4702,0,1,0,1
4703,5,1,6,9
4704,0,0,9,6
4705,3,2,3,3
4706,3,6,0,0
4707,4,7,1,4
4708,4,9,9,3
4709,2,9,6,6
4710,8,8,5,5
4711,1,5,3,4
4712,8,4,6,2
4713,6,2,9,7
4714,7,9,7,9
4715,1,6,0,5
4716,9,1,1,4
4717,6,7,3,0
4718,6,9,8,5
4719,2,4,2,9
4720,8,6,2,0
4721,5,5,4,7
4722,1,8,7,6
4723,5,8,5,1
4724,7,3,9,4
4725,7,8,7,7
4726,6,6,3,1
4727,9,0,4,5
4728,5,6,3,6
4729,7,9,8,4
4730,6,3,8,0
4731,4,5,4,0
4732,3,2,1,9
4733,7,5,1,1
4734,5,2,0,0
4735,1,7,4,3
4736,7,3,8,5
4737,6,7,2,9
4738,3,5,4,3
4739,3,7,0,2
4740,2,7,3,8
4741,5,1,9,4
4742,0,0,5,3
4743,7,6,1,4
4744,0,1,3,7
4745,7,2,5,9
4746,4,5,3,8
4747,2,0,2,3
4748,7,4,3,6
4749,0,4,9,0
4750,0,5,3,1
4751,1,9,3,6
4752,2,6,8,2
4753,3,6,1,3
4754,5,0,1,2
4755,2,1,0,0
4756,3,1,6,2
4757,9,8,1,0
4758,1,4,3,1
4759,5,2,2,4
4760,0,6,7,1
4761,3,2,3,6
4762,6,5,3,8
4763,3,3,5,7
4764,2,1,3,5
4765,2,5,2,4
4766,9,1,5,9
4767,5,8,5,9
4768,7,9,2,0
4769,2,6,9,9
4770,8,0,6,1
4771,6,8,5,6
4772,6,7,0,8
4773,6,8,6,3
4774,7,1,8,7
4775,4,6,1,5
4776,6,8,9,7
4777,6,1,3,5
4778,5,3,5,9
4779,3,3,0,9
4780,6,3,4,1
4781,6,7,0,1
4782,9,5,4,2
4783,4,9,2,4
4784,3,8,8,0
4785,1,3,4,3
4786,3,1,8,5
4787,2,5,3,3
4788,7,8,9,3
4789,8,5,6,0
4790,2,1,1,4
4791,6,3,5,1
4792,4,7,0,0
4793,9,0,3,3
4794,5,8,0,8
4795,5,3,6,0
4796,5,8,6,3
4797,8,6,4,2
4798,9,8,4,0
4799,3,5,9,8
4800,9,1,8,2
4801,7,2,8,8
4802,9,6,9,8
4803,6,2,2,9
4804,0,7,4,0
4805,6,2,8,7
4806,9,0,3,5
4807,1,5,5,6
4808,2,3,4,8
4809,4,9,7,4
4810,4,9,9,1
4811,0,3,8,2
4812,3,6,2,7
4813,8,5,2,8
4814,1,9,2,0
4815,8,8,3,5
4816,6,9,0,7
4817,0,9,9,1
4818,8,3,1,8
4819,8,3,3,3
4820,9,4,3,6
4821,0,5,8,7
4822,8,8,9,4
4823,6,9,3,3
4824,4,5,4,3
4825,9,6,6,4
4826,7,7,8,9
4827,5,3,1,9
4828,6,4,8,9
4829,5,3,4,6
4830,9,7,5,1
4831,1,5,2,3
4832,5,8,2,0
4833,7,7,5,1
4834,6,6,0,5
4835,5,5,6,4
4836,3,5,0,6
4837,6,1,1,0
4838,3,0,2,7
4839,3,1,4,6
4840,0,3,4,1
4841,6,4,4,3
4842,0,5,1,7
4843,8,3,3,4
4844,9,0,1,6
4845,4,9,4,5
4846,4,1,4,8
4847,7,1,6,3
4848,8,9,0,5
4849,2,8,5,9
4850,2,6,6,6
4851,2,8,6,4
4852,2,6,7,5
4853,9,6,0,0
4854,9,2,4,6
4855,1,5,0,9
4856,6,6,4,7
4857,3,2,7,5
4858,1,5,4,0
4859,5,5,5,0
4860,4,6,8,7
4861,8,9,8,7
4862,2,9,7,9
4863,0,7,5,7
4864,5,5,1,0
4865,7,3,3,6
4866,0,6,2,6
4867,5,0,6,1
4868,1,1,0,7
4869,6,9,7,6
4870,3,5,0,1
4871,8,0,8,3
4872,7,4,7,5
4873,3,1,5,9
4874,1,0,2,8
4875,5,1,9,3
4876,5,5,6,3
4877,6,5,6,6
4878,0,0,1,5
4879,5,6,3,7
4880,5,5,9,3
4881,4,3,7,8
4882,0,6,6,2
4883,2,7,5,2
4884,9,9,2,3
4885,4,4,4,5
4886,6,5,6,2
4887,8,8,2,3
4888,5,4,2,4
4889,9,3,0,4
4890,3,7,9,4
4891,4,9,5,0
4892,3,9,4,0
4893,2,8,9,6
4894,4,1,1,5
4895,6,3,5,9
4896,8,5,4,9
4897,6,8,1,8
4898,2,5,6,0
4899,9,9,9,1
4900,8,3,2,3
4901,0,5,9,3
4902,2,1,6,6
4903,9,1,6,1
4904,1,1,2,5
4905,0,0,3,5
4906,4,1,9,8
4907,0,7,9,6
4908,9,6,3,1
4909,9,8,1,4
4910,6,9,5,1
4911,5,1,3,5
4912,6,8,8,4
4913,5,5,0,7
4914,4,3,3,6
4915,5,1,0,8
4916,8,6,7,0
4917,7,8,0,7
4918,8,6,5,9
4919,6,4,8,5
4920,6,5,1,5
4921,1,1,4,3
4922,8,2,0,2
4923,5,4,6,8
4924,3,6,3,6
4925,0,6,1,2
4926,5,2,9,7
4927,8,3,1,0
4928,0,6,2,1
4929,9,0,9,5
4930,4,6,9,6
4931,2,3,0,7
4932,1,6,4,1
4933,3,0,3,1
4934,0,4,1,1
4935,8,0,0,9
4936,2,3,7,4
4937,5,3,8,2
4938,5,9,3,5
4939,3,0,7,6
4940,6,6,5,7
4941,7,9,9,3
4942,5,1,2,1
4943,7,7,1,1
4944,4,1,1,3
4945,1,7,6,2
4946,2,3,0,9
4947,4,6,9,8
4948,9,4,7,3
4949,2,0,7,9
4950,2,1,5,4
4951,0,1,8,5
4952,7,6,9,3
4953,7,8,3,5
4954,6,8,0,7
4955,6,8,3,0
4956,6,8,9,4
4957,8,9,4,3
4958,7,2,7,8
4959,5,4,5,2
4960,3,1,5,5
4961,2,3,3,6
4962,0,5,5,5
4963,1,9,6,3
4964,6,8,1,7
4965,8,6,5,2
4966,7,9,0,8
4967,0,7,7,4
4968,4,0,6,1
4969,8,8,2,7
4970,3,1,2,7
4971,2,8,5,0
4972,9,1,2,5
4973,7,0,1,5
4974,2,1,2,0
4975,7,7,0,6
4976,1,7,7,6
4977,2,3,2,3
4978,8,9,8,9
4979,1,2,6,5
4980,8,9,4,6
4981,0,2,7,8
4982,7,2,1,2
4983,2,3,5,5
4984,6,3,7,6
4985,6,5,6,3
4986,7,8,7,0
4987,7,3,9,5
4988,4,8,3,8
4989,5,1,3,6
4990,4,4,1,1
4991,4,6,5,1
4992,4,8,2,0
4993,6,6,7,3
4994,5,9,5,0
4995,3,6,4,6
4996,7,0,0,5
4997,5,4,6,4
4998,7,3,1,9
4999,0,6,5,9
5000,2,8,1,4
5001,0,1,8,1
5002,2,9,0,6
5003,6,0,0,6
5004,9,0,5,4
5005,8,8,2,3
5006,8,0,0,8
5007,8,6,7,7
5008,6,1,5,9
5009,8,0,8,8
5010,4,0,4,5
5011,9,0,5,2
5012,6,8,0,4
5013,8,6,9,1
5014,1,8,2,4
5015,0,8,8,7
5016,1,8,4,9
5017,5,4,5,7
5018,0,9,7,3
5019,3,3,3,1
5020,6,7,0,9
5021,3,2,6,8
5022,7,5,9,8
5023,7,9,6,4
5024,6,4,0,1
5025,2,5,3,6
5026,0,2,2,2
5027,2,7,4,2
5028,6,3,7,1
5029,7,9,7,8
5030,8,3,4,2
5031,3,0,0,9
5032,8,8,7,9
5033,5,8,3,4
5034,7,1,0,4
5035,2,4,7,5
5036,6,7,6,8
5037,5,8,0,4
5038,4,3,9,9
5039,4,1,5,7
5040,2,9,0,9
5041,2,0,6,8
5042,2,2,9,0
5043,5,4,4,4
5044,6,0,0,9
5045,3,7,0,9
5046,8,9,3,1
5047,7,7,5,9
5048,8,4,0,7
5049,5,1,7,5
5050,9,4,0,4
5051,2,9,0,1
5052,6,4,5,6
5053,3,7,4,3
5054,8,5,9,0
5055,9,6,1,1
5056,4,9,5,9
5057,3,5,0,1
5058,8,3,0,9
5059,8,0,3,8
5060,2,9,4,5
5061,4,4,6,0
5062,3,7,8,9
5063,5,4,7,9
5064,8,3,2,3
5065,7,1,2,7
5066,6,1,3,5
5067,6,5,2,5
5068,5,7,8,5
5069,2,6,2,1
5070,3,2,9,9
5071,5,3,8,4
5072,1,3,5,0
5073,5,8,5,3
5074,8,5,6,4
5075,5,1,4,6
5076,9,2,2,5
5077,5,5,7,5
5078,6,8,2,8
5079,1,6,3,1
5080,3,7,2,4
5081,2,8,2,2
5082,3,0,0,2
5083,5,2,3,1
5084,5,9,3,9
5085,9,0,6,1
5086,3,6,1,1
5087,5,2,7,5
5088,9,0,7,5
5089,8,0,1,1
5090,9,9,2,1
5091,9,6,7,0
5092,0,2,9,4
5093,1,9,7,9
5094,7,6,3,2
5095,2,1,2,5
5096,2,7,8,9
5097,3,1,4,2
5098,3,3,4,5
5099,7,6,3,2
5100,2,8,3,5
5101,4,3,6,1
5102,1,9,8,0
5103,9,8,4,5
5104,3,2,7,4
5105,8,6,6,1
5106,5,1,9,6
5107,2,8,1,1
5108,6,5,3,7
5109,1,9,9,6
5110,4,3,0,4
5111,7,7,7,1
5112,4,5,2,9
5113,4,0,7,2
5114,0,3,5,9
5115,1,9,0,6
5116,8,3,7,0
5117,0,9,5,2
5118,9,5,7,2
5119,4,3,9,7
5120,5,4,0,6
5121,2,1,3,3
5122,2,5,1,5
5123,5,7,1,7
5124,5,6,6,7
5125,7,3,1,5
5126,2,0,0,2
5127,1,6,1,0
5128,4,0,4,7
5129,5,2,9,2
5130,7,5,2,5
5131,1,6,2,5
5132,3,7,1,8
5133,2,3,9,2
5134,5,7,2,8
5135,4,9,4,5
5136,6,9,9,8
5137,2,7,0,2
5138,0,9,0,5
5139,8,7,1,9
5140,4,1,7,2
5141,1,8,7,1
5142,1,7,8,5
5143,4,3,8,6
5144,1,0,8,3
5145,4,0,0,1
5146,8,8,1,1
5147,9,2,2,9
5148,1,2,0,0
5149,9,6,8,8
5150,8,3,9,1
5151,4,8,8,9
5152,4,2,8,9
5153,7,6,7,0
5154,0,4,3,1
5155,7,2,6,7
5156,8,5,9,7
5157,7,2,0,6
5158,3,0,4,8
5159,1,3,9,2
5160,6,3,5,2
5161,6,9,2,4
5162,9,9,1,6
5163,7,6,8,2
5164,9,2,0,4
5165,2,6,3,6
5166,0,3,3,1
5167,6,7,0,3
5168,0,4,2,3
5169,5,6,3,7
5170,1,2,7,5
5171,8,5,4,7
5172,7,8,0,2
5173,6,2,5,1
5174,0,0,1,0
5175,2,7,8,0
5176,9,1,4,1
5177,4,1,4,3
5178,4,3,8,8
5179,9,2,5,4
5180,5,0,9,0
5181,1,1,7,7
5182,7,2,5,4
5183,1,3,1,2
5184,3,0,3,7
5185,7,9,1,2
5186,3,6,0,2
5187,8,4,4,7
5188,3,6,9,0
5189,0,1,4,6
5190,9,5,5,5
5191,3,4,8,1
5192,4,5,7,1
5193,8,1,1,3
5194,0,7,7,7
5195,1,4,4,8
5196,3,2,0,1
5197,5,8,7,9
5198,5,3,1,8
5199,9,6,7,4
5200,4,3,2,2
5201,4,3,3,3
5202,4,7,4,3
5203,0,6,0,2
5204,2,8,8,0
5205,3,6,5,8
5206,6,6,1,6
5207,5,7,4,9
5208,4,8,2,5
5209,1,7,9,0
5210,7,1,1,6
5211,7,2,8,6
5212,8,3,4,9
5213,7,1,9,3
5214,2,5,7,1
5215,1,0,3,2
5216,4,9,4,5
5217,3,7,9,9
5218,3,7,4,2
5219,2,5,0,4
5220,6,5,4,5
5221,8,5,0,6
5222,5,5,7,2
5223,0,5,0,2
5224,7,7,9,5
5225,7,2,1,1
5226,7,7,8,2
5227,2,1,3,4
5228,5,2,1,5
5229,2,7,9,1
5230,3,4,4,2
5231,2,4,4,7
5232,7,8,4,6
5233,2,9,4,5
5234,1,5,7,5
5235,1,0,5,5
5236,6,3,8,5
5237,5,2,2,3
5238,2,1,8,8
5239,8,6,3,7
5240,9,0,3,6
5241,8,1,9,9
5242,6,1,9,6
5243,0,3,8,7
5244,4,3,0,5
5245,8,4,4,0
5246,8,6,0,4
5247,9,2,5,9
5248,6,5,5,0
5249,9,2,2,3
5250,6,4,7,9
5251,7,2,0,6
5252,9,0,8,3
5253,1,6,1,6
5254,2,2,0,0
5255,9,8,5,4
5256,7,5,2,1
5257,2,0,7,6
5258,1,5,2,8
5259,8,2,1,6
5260,7,5,6,7
5261,9,3,0,4
5262,4,7,6,5
5263,0,4,1,1
5264,5,4,2,0
5265,5,0,4,3
5266,3,3,5,6
5267,3,7,0,8
5268,8,5,1,8
5269,3,5,4,2
5270,1,1,5,5
5271,1,0,1,5
5272,1,8,3,4
5273,1,0,6,7
5274,8,8,4,7
5275,9,0,8,6
5276,0,3,6,2
5277,9,9,9,6
5278,7,7,7,8
5279,0,9,8,7
5280,7,4,9,9
5281,0,2,2,2
5282,5,5,4,3
5283,8,1,6,5
5284,0,0,7,2
5285,0,1,1,9
5286,5,9,3,9
5287,8,7,9,5
5288,5,5,5,0
5289,1,4,5,9
5290,0,0,9,3
5291,3,1,0,3
5292,8,4,4,7
5293,8,3,6,2
5294,7,2,1,5
5295,7,1,7,3
5296,8,5,3,0
5297,2,1,1,9
5298,3,0,3,6
5299,8,7,1,9
5300,8,5,9,3
5301,5,2,7,2
5302,1,5,4,6
5303,0,1,3,5
5304,6,7,4,8
5305,6,6,9,3
5306,5,5,3,1
5307,9,9,0,9
5308,1,4,6,3
5309,4,9,5,5
5310,6,8,2,4
5311,9,6,4,5
5312,1,4,0,0
5313,8,1,9,6
5314,2,6,3,9
5315,6,5,4,3
5316,2,0,8,0
5317,6,9,4,5
5318,7,0,8,8
5319,8,5,5,7
5320,4,5,5,6
5321,3,7,1,0
5322,0,0,5,3
5323,7,6,2,2
5324,2,8,4,2
5325,9,8,6,4
5326,9,1,6,8
5327,7,1,8,6
5328,0,0,1,8
5329,8,4,8,2
5330,0,4,0,8
5331,6,0,6,5
5332,6,0,8,4
5333,8,4,9,6
5334,1,5,0,5
5335,1,3,3,3
5336,4,0,6,9
5337,6,3,9,5
5338,4,7,3,2
5339,2,6,8,2
5340,9,9,8,0
5341,0,7,0,2
5342,6,1,4,3
5343,4,1,9,8
5344,5,0,4,9
5345,9,9,5,4
5346,9,8,9,6
5347,1,4,5,0
5348,9,5,4,5
5349,0,9,9,0
5350,6,4,9,0
5351,2,6,6,8
5352,5,1,7,2
5353,4,3,4,9
5354,2,3,0,9
5355,4,5,3,1
5356,0,4,8,0
5357,7,4,1,1
5358,9,2,3,1
5359,6,0,8,7
5360,6,4,4,8
5361,3,9,5,4
5362,6,8,8,7
5363,0,9,6,6
5364,4,7,7,0
5365,9,1,6,7
5366,2,1,0,8
5367,0,7,6,2
5368,1,7,6,8
5369,9,5,5,0
5370,3,7,1,1
5371,6,4,7,6
5372,2,8,4,0
5373,2,8,0,8
5374,5,8,5,7
5375,1,9,1,3
5376,9,9,5,8
5377,9,2,0,9
5378,0,9,7,8
5379,4,7,5,2
5380,8,7,1,3
5381,8,8,3,6
5382,0,3,3,5
5383,8,6,8,7
5384,9,2,1,7
5385,2,2,0,7
5386,1,7,7,5
5387,0,4,2,5
5388,0,7,7,3
5389,9,4,4,7
5390,5,7,0,6
5391,3,9,8,3
5392,4,4,7,7
5393,4,0,9,7
5394,7,2,1,4
5395,5,3,5,1
5396,3,0,1,2
5397,6,2,4,0
5398,2,9,7,3
5399,5,1,4,1
5400,2,5,9,8
5401,4,9,0,6
5402,9,5,6,1
5403,4,7,1,7
5404,4,4,8,9
5405,8,8,6,4
5406,7,8,3,8
5407,7,0,3,4
5408,1,0,9,2
5409,7,5,7,3
5410,2,1,7,5
5411,4,8,0,3
5412,4,0,1,7
5413,2,8,1,6
5414,7,0,7,2
5415,5,0,7,8
5416,9,8,3,6
5417,0,4,2,6
5418,2,4,0,2
5419,2,9,2,9
5420,1,4,2,9
5421,8,8,8,6
5422,4,8,9,3
5423,7,2,7,8
5424,8,4,7,2
5425,3,7,7,5
5426,0,0,2,9
5427,0,8,2,8
5428,1,1,4,9
5429,0,4,4,1
5430,3,4,1,7
5431,4,4,3,0
5432,2,1,1,6
5433,9,0,1,1
5434,7,4,7,1
5435,6,5,3,1
5436,6,8,4,5
5437,2,3,6,9
5438,4,9,9,6
5439,3,7,5,2
5440,1,5,9,8
5441,7,8,8,6
5442,5,8,5,9
5443,7,7,0,9
5444,4,7,6,7
5445,1,4,4,7
5446,2,7,3,9
5447,7,7,3,2
5448,8,4,7,3
5449,3,0,3,6
5450,0,5,1,7
5451,8,1,8,3
5452,3,0,6,1
5453,8,6,0,9
5454,3,7,3,0
5455,0,8,8,1
5456,8,4,7,5
5457,9,6,1,7
5458,0,7,2,2
5459,8,2,5,6
5460,1,9,4,4
5461,8,9,7,0
5462,6,7,5,4
5463,8,1,3,9
5464,7,2,0,6
5465,6,0,7,9
5466,4,3,7,0
5467,9,4,2,1
5468,1,3,4,1
5469,9,1,4,7
5470,0,3,8,6
5471,9,8,5,6
5472,7,4,3,7
5473,6,2,6,9
5474,0,6,3,3
5475,0,7,5,8
5476,4,3,4,6
5477,2,6,7,1
5478,0,0,6,3
5479,1,3,2,1
5480,2,4,3,7
5481,2,9,0,6
5482,6,6,0,3
5483,4,8,3,6
5484,9,8,5,3
5485,9,4,5,1
5486,2,3,5,8
5487,9,9,0,5
5488,1,5,5,8
5489,0,0,0,8
5490,2,7,1,7
5491,5,1,1,6
5492,6,6,7,9
5493,4,7,9,3
5494,8,4,7,8
5495,2,8,2,3
5496,8,3,8,6
5497,8,0,6,5
5498,8,3,1,1
5499,8,0,5,5
5500,2,4,1,3
5501,6,5,9,1
5502,3,9,2,9
5503,5,4,0,5
5504,6,6,5,3
5505,6,5,1,0
5506,7,7,3,8
5507,8,0,6,3
5508,8,8,7,6
5509,8,4,9,9
5510,5,9,8,9
5511,1,2,4,0
5512,2,4,1,7
5513,3,5,6,5
5514,3,8,3,3
5515,6,1,9,8
5516,3,3,9,2
5517,2,6,8,7
5518,7,4,0,5
5519,8,8,1,5
5520,6,7,6,4
5521,8,9,1,8
5522,4,8,7,2
5523,4,2,5,1
5524,7,6,8,2
5525,3,5,4,2
5526,2,1,8,2
5527,9,5,6,6
5528,4,2,1,8
5529,1,1,3,1
5530,2,0,6,3
5531,2,1,2,8
5532,1,2,8,8
5533,7,1,0,6
5534,4,3,8,0
5535,1,6,1,0
5536,4,2,2,8
5537,4,0,8,6
5538,2,9,7,2
5539,2,2,9,9
5540,6,9,6,3
5541,9,6,8,4
5542,7,9,7,7
5543,1,5,9,9
5544,4,1,1,4
5545,6,0,6,3
5546,1,2,2,2
5547,0,1,0,3
5548,4,3,0,1
5549,8,8,6,6
5550,6,5,1,8
5551,8,7,2,2
5552,4,2,0,8
5553,5,0,1,0
5554,2,0,2,4
5555,5,5,5,2
5556,0,2,5,6
5557,6,6,1,5
5558,6,2,1,3
5559,1,7,6,9
5560,1,6,0,5
5561,8,5,9,4
5562,1,6,0,7
5563,6,6,2,0
5564,2,5,8,7
5565,6,9,7,7
5566,0,6,2,2
5567,2,3,0,4
5568,0,6,1,3
5569,8,0,5,2
5570,3,9,2,4
5571,8,0,4,4
5572,2,9,9,5
5573,0,7,2,3
5574,1,7,4,5
5575,2,1,4,8
5576,0,3,5,6
5577,0,2,5,4
5578,1,4,4,6
5579,5,1,9,0
5580,4,6,3,6
5581,2,8,1,9
5582,6,5,9,1
5583,0,0,3,0
5584,7,5,0,7
5585,0,5,0,2
5586,4,5,1,5
5587,0,4,0,6
5588,0,2,7,4
5589,1,9,6,2
5590,1,1,7,4
5591,9,9,3,5
5592,6,6,3,5
5593,7,3,4,9
5594,8,7,3,7
5595,5,8,7,6
5596,2,0,5,8
5597,2,6,4,9
5598,0,1,6,9
5599,3,2,9,9
5600,1,5,3,0
5601,7,1,5,5
5602,1,9,7,4
5603,5,8,5,2
5604,6,4,9,7
5605,8,6,9,5
5606,1,9,8,5
5607,4,8,8,6
5608,0,9,8,3
5609,5,1,7,2
5610,8,8,7,7
5611,3,3,8,0
5612,4,7,3,8
5613,1,6,0,5
5614,2,0,3,0
5615,4,2,9,8
5616,7,7,5,4
5617,1,1,6,7
5618,2,5,3,7
5619,5,3,4,6
5620,7,1,4,8
5621,8,7,5,2
5622,0,1,6,9
5623,3,1,1,0
5624,6,5,8,7
5625,4,7,2,8
5626,4,3,7,7
5627,3,8,4,0
5628,6,0,1,2
5629,7,9,4,4
5630,6,9,0,1
5631,2,9,6,8
5632,9,6,3,5
5633,8,8,8,6
5634,4,2,4,6
5635,1,9,6,8
5636,9,4,9,1
5637,9,6,1,3
5638,9,6,9,1
5639,5,3,7,8
5640,8,1,1,7
5641,2,6,5,8
5642,3,3,6,4
5643,4,5,2,5
5644,6,2,9,0
5645,3,9,3,0
5646,2,9,2,5
5647,6,0,3,0
5648,2,9,7,9
5649,3,5,5,7
5650,3,8,5,3
5651,5,5,5,3
5652,7,3,6,9
5653,4,1,6,7
5654,3,2,3,7
5655,2,5,1,0
5656,3,1,9,3
5657,3,6,5,8
5658,8,1,1,4
5659,5,6,8,1
5660,0,2,6,9
5661,9,9,9,7
5662,6,2,1,5
5663,0,3,6,2
5664,0,8,7,1
5665,2,1,4,5
5666,9,1,4,2
5667,8,5,0,5
5668,3,7,4,5
5669,2,5,2,4
5670,7,3,3,0
5671,6,0,1,7
5672,2,7,7,8
5673,0,7,8,8
5674,5,7,1,1
5675,5,0,6,3
5676,1,7,9,8
5677,7,2,9,4
5678,9,7,0,6
5679,3,7,9,3
5680,3,1,9,3
5681,2,8,0,1
5682,2,3,0,7
5683,9,6,7,2
5684,4,4,2,3
5685,0,3,8,8
5686,6,1,3,7
5687,3,5,9,8
5688,0,9,8,2
5689,2,7,8,8
5690,4,2,1,3
5691,1,6,8,5
5692,0,4,4,8
5693,5,0,3,9
5694,1,7,9,0
5695,1,4,8,2
5696,6,0,7,5
5697,5,8,1,5
5698,0,0,9,9
5699,2,7,3,4
5700,5,9,4,1
5701,1,0,8,2
5702,0,8,2,4
5703,7,3,6,8
5704,5,7,8,3
5705,9,0,8,7
5706,1,9,9,5
5707,6,4,6,9
5708,5,1,9,8
5709,2,7,5,9
5710,1,5,0,5
5711,0,6,2,5
5712,9,2,3,2
5713,4,9,0,3
5714,6,8,9,4
5715,4,7,3,0
5716,3,5,5,5
5717,6,6,3,7
5718,7,1,5,8
5719,9,1,3,6
5720,0,1,3,0
5721,0,8,9,2
5722,2,9,2,0
5723,2,4,7,9
5724,5,0,4,7
5725,3,2,6,8
5726,1,2,7,5
5727,8,9,4,1
5728,1,3,8,2
5729,8,8,1,9
5730,3,1,3,0
5731,8,0,2,3
5732,1,9,0,3
5733,1,5,8,5
5734,6,9,1,5
5735,5,2,1,1
5736,6,9,9,2
5737,0,6,7,8
5738,5,1,0,4
5739,6,1,0,9
5740,5,0,3,8
5741,6,4,3,8
5742,9,9,2,1
5743,1,0,1,2
5744,4,5,9,4
5745,7,6,0,0
5746,8,7,6,3
5747,1,6,7,8
5748,7,5,0,6
5749,9,6,2,7
5750,8,3,6,5
5751,1,7,8,3
5752,0,7,9,8
5753,9,8,6,0
5754,2,0,8,5
5755,2,6,1,0
5756,0,9,8,5
5757,8,5,4,7
5758,0,9,4,9
5759,7,3,4,2
5760,9,1,9,1
5761,4,8,6,1
5762,1,2,7,5
5763,6,6,5,9
5764,8,4,9,4
5765,2,0,5,8
5766,3,5,0,0
5767,3,6,3,1
5768,2,6,1,5
5769,0,7,1,5
5770,9,8,7,9
5771,4,7,2,3
5772,3,4,7,6
5773,4,8,5,8
5774,6,1,6,3
5775,0,5,4,6
5776,1,0,2,2
5777,3,5,5,0
5778,5,8,5,3
5779,9,2,7,2
5780,8,8,8,5
5781,2,4,0,9
5782,1,1,0,8
5783,3,0,4,3
5784,8,6,9,4
5785,6,5,2,0
5786,4,4,3,3
5787,0,3,2,3
5788,2,8,7,3
5789,6,9,3,1
5790,6,1,5,7
5791,4,2,0,8
5792,2,6,9,1
5793,9,4,4,5
5794,3,1,4,4
5795,3,5,4,4
5796,8,4,6,4
5797,7,2,4,2
5798,5,0,4,1
5799,1,8,4,8
5800,0,5,6,3
5801,9,3,9,5
5802,0,4,3,6
5803,2,8,9,2
5804,4,2,0,1
5805,6,0,5,8
5806,1,1,0,9
5807,4,8,2,5
5808,1,8,6,9
5809,2,3,7,0
5810,6,9,1,8
5811,5,4,7,6
5812,9,4,4,2
5813,2,8,5,0
5814,7,0,6,3
5815,5,1,3,3
5816,7,9,0,2
5817,9,0,2,1
5818,3,7,1,3
5819,1,0,8,9
5820,2,1,2,1
5821,9,3,1,9
5822,4,5,6,9
5823,1,1,4,9
5824,8,4,2,5
5825,3,8,3,3
5826,8,2,3,1
5827,8,4,8,1
5828,4,8,8,0
5829,1,2,0,5
5830,8,8,4,2
5831,5,4,2,7
5832,4,2,2,3
5833,3,0,4,4
5834,8,6,2,4
5835,4,5,9,4
5836,4,6,4,3
5837,7,2,6,9
5838,1,8,8,8
5839,6,7,7,0
5840,8,9,5,1
5841,8,4,3,8
5842,5,7,4,1
5843,9,6,3,6
5844,2,3,8,1
5845,1,2,5,0
5846,7,2,4,6
5847,6,5,7,2
5848,9,6,1,3
5849,1,7,4,3
5850,3,5,8,2
5851,7,3,9,9
5852,8,5,4,4
5853,0,8,0,7
5854,9,7,1,5
5855,4,2,0,5
5856,4,5,5,9
5857,4,7,0,9
5858,0,7,0,9
5859,8,1,7,6
5860,8,6,3,8
5861,7,7,3,1
5862,6,7,6,8
5863,5,7,1,1
5864,1,6,2,7
5865,4,8,9,2
5866,0,9,0,3
5867,2,8,8,1
5868,4,1,9,9
5869,5,6,3,5
5870,9,0,2,4
5871,0,8,5,5
5872,0,3,8,3
5873,4,3,6,3
5874,5,0,4,6
5875,3,4,2,9
5876,2,1,6,2
5877,3,0,5,2
5878,5,6,0,2
5879,3,3,8,3
5880,0,0,0,7
5881,5,8,7,2
5882,9,4,3,2
5883,8,3,7,7
5884,8,2,5,5
5885,8,5,7,7
5886,1,2,9,2
5887,3,4,1,8
5888,9,5,1,0
5889,2,3,3,4
5890,5,6,8,5
5891,5,9,2,2
5892,0,0,1,0
5893,8,1,0,8
5894,5,6,3,2
5895,3,2,8,9
5896,1,5,5,4
5897,4,8,0,3
5898,5,2,7,9
5899,3,3,6,5
5900,1,9,9,0
5901,3,5,9,1
5902,8,4,3,2
5903,8,7,2,6
5904,5,6,9,2
5905,6,9,9,2
5906,6,7,7,4
5907,1,7,6,3
5908,3,9,1,3
5909,7,7,3,3
5910,1,3,4,6
5911,4,8,4,4
5912,4,2,1,8
5913,8,9,8,4
5914,8,4,3,2
5915,1,3,7,8
5916,1,1,8,8
5917,7,7,3,8
5918,4,9,0,9
5919,0,0,3,6
5920,0,3,8,9
5921,7,1,3,6
5922,7,0,0,0
5923,8,9,8,6
5924,9,0,9,4
5925,1,8,5,8
5926,0,8,9,6
5927,7,4,9,5
5928,0,4,7,9
5929,3,2,2,1
5930,7,8,4,4
5931,1,0,2,6
5932,2,0,2,5
5933,6,4,8,1
5934,8,6,3,5
5935,9,9,7,0
5936,7,0,0,5
5937,0,9,6,6
5938,6,2,3,0
5939,6,3,9,9
5940,1,6,2,9
5941,9,5,4,5
5942,0,1,3,9
5943,7,1,1,3
5944,5,2,2,2
5945,8,9,7,7
5946,7,1,2,7
5947,4,0,8,6
5948,9,5,3,3
5949,2,8,0,4
5950,3,6,6,1
5951,6,3,4,8
5952,2,3,0,4
5953,1,9,6,0
5954,9,0,1,5
5955,3,2,7,2
5956,2,3,3,4
5957,6,8,0,1
5958,7,5,7,4
5959,6,5,7,5
5960,5,1,2,8
5961,5,3,9,3
5962,1,5,9,0
5963,4,0,5,8
5964,6,3,5,7
5965,1,3,1,2
5966,9,9,1,9
5967,3,1,9,7
5968,1,1,9,8
5969,4,1,8,5
5970,7,3,6,3
5971,5,8,0,8
5972,9,3,6,6
5973,6,8,4,0
5974,7,9,6,8
5975,5,3,0,2
5976,6,0,9,2
5977,1,0,9,9
5978,3,2,5,6
5979,7,5,2,3
5980,2,0,5,7
5981,0,4,3,3
5982,7,3,3,5
5983,9,2,1,0
5984,2,3,5,0
5985,4,8,4,1
5986,9,7,7,1
5987,1,9,2,1
5988,0,4,4,0
5989,7,6,7,7
5990,8,3,3,6
5991,8,2,0,9
5992,6,9,0,3
5993,3,7,2,6
5994,0,6,7,9
5995,0,7,9,1
5996,1,6,5,6
5997,8,1,3,6
5998,7,1,4,0
5999,3,0,7,8
6000,6,9,9,0
6001,4,3,0,6
6002,1,5,4,0
6003,9,0,6,2
6004,8,6,4,5
6005,4,3,9,8
6006,5,1,2,5
6007,6,7,8,7
6008,6,7,9,1
6009,7,4,5,3
6010,2,0,5,7
6011,6,7,7,1
6012,8,3,9,4
6013,1,9,3,2
6014,2,4,9,0
6015,9,7,7,9
6016,9,7,5,0
6017,6,5,5,4
6018,6,8,0,2
6019,7,1,4,8
6020,1,2,7,8
6021,4,2,3,8
6022,0,5,9,1
6023,6,7,4,3
6024,2,6,7,3
6025,5,4,6,0
6026,8,8,4,1
6027,4,2,8,4
6028,4,6,7,4
6029,6,9,3,3
6030,4,0,7,4
6031,8,5,3,0
6032,7,1,0,5
6033,4,7,9,8
6034,0,3,0,6
6035,3,7,0,3
6036,8,1,4,9
6037,6,6,7,9
6038,8,2,2,2
6039,1,7,7,7
6040,2,8,0,8
6041,5,2,0,0
6042,7,3,0,6
6043,8,1,0,3
6044,6,8,7,2
6045,8,3,9,9
6046,0,7,5,8
6047,2,2,9,9
6048,6,9,5,9
6049,6,4,7,3
6050,9,8,6,1
6051,2,0,1,7
6052,2,6,0,8
6053,0,9,8,0
6054,9,8,4,3
6055,8,5,4,0
6056,1,0,2,0
6057,0,9,1,8
6058,1,3,1,3
6059,7,6,0,1
6060,0,4,3,4
6061,2,7,5,4
6062,3,7,4,5
6063,5,8,4,5
6064,5,5,1,3
6065,2,6,7,5
6066,3,5,4,0
6067,6,0,5,8
6068,8,7,1,2
6069,1,0,8,2
6070,6,1,5,2
6071,9,9,3,7
6072,6,1,0,2
6073,3,5,6,3
6074,2,0,1,6
6075,2,5,6,6
6076,0,7,7,6
6077,4,9,9,2
6078,9,0,5,5
6079,3,0,1,8
6080,3,7,9,0
6081,7,5,3,5
6082,4,9,4,0
6083,2,7,8,2
6084,9,2,8,5
6085,0,5,5,6
6086,4,5,4,9
6087,4,4,3,1
6088,4,9,6,7
6089,3,8,6,2
6090,6,3,4,9
6091,2,8,1,8
6092,8,2,9,7
6093,3,2,0,7
6094,0,0,1,7
6095,0,4,7,3
6096,5,7,5,6
6097,8,4,5,5
6098,5,5,4,2
6099,5,7,6,3
6100,7,3,5,3
6101,5,4,8,6
6102,5,6,4,1
6103,1,5,0,0
6104,5,3,6,9
6105,3,6,9,2
6106,9,4,2,8
6107,9,1,8,4
6108,9,8,5,3
6109,3,5,2,2
6110,7,8,7,9
6111,6,6,9,4
6112,3,8,9,8
6113,2,1,3,1
6114,5,9,5,3
6115,0,3,3,5
6116,2,5,7,2
6117,5,4,0,9
6118,3,5,9,2
6119,2,6,5,2
6120,0,3,9,5
6121,4,6,0,8
6122,1,7,5,1
6123,9,7,0,2
6124,6,2,3,3
6125,5,9,2,5
6126,0,5,2,5
6127,4,4,6,2
6128,3,0,1,3
6129,2,2,0,3
6130,1,3,4,9
6131,8,4,2,8
6132,5,2,2,4
6133,7,2,4,8
6134,5,2,3,8
6135,9,0,3,4
6136,0,4,5,7
6137,1,7,8,1
6138,1,7,6,6
6139,0,5,3,4
6140,4,5,0,9
6141,2,6,9,7
6142,0,9,9,0
6143,4,8,1,0
6144,9,4,1,4
6145,2,5,7,7
6146,1,1,3,7
6147,3,4,8,9
6148,9,1,6,8
6149,8,4,1,4
6150,9,1,2,7
6151,0,0,1,8
6152,7,5,1,7
6153,1,1,5,6
6154,3,3,0,7
6155,3,1,0,7
6156,7,1,8,8
6157,4,9,8,5
6158,8,5,6,8
6159,2,0,0,6
6160,9,7,4,8
6161,8,3,8,6
6162,3,4,8,2
6163,3,1,4,0
6164,8,6,8,2
6165,3,5,8,8
6166,7,4,9,7
6167,7,0,5,2
6168,6,3,6,6
6169,2,0,4,6
6170,8,3,4,4
6171,4,1,6,3
6172,0,9,3,2
6173,4,4,3,9
6174,4,2,4,3
6175,1,6,1,4
6176,9,5,2,6
6177,2,3,8,9
6178,3,0,2,5
6179,9,6,3,1
6180,7,8,1,5
6181,8,7,0,5
6182,7,2,1,1
6183,0,3,1,7
6184,1,9,6,2
6185,4,8,5,5
6186,2,6,1,7
6187,6,6,5,1
6188,3,9,5,9
6189,9,7,8,8
6190,8,2,9,7
6191,3,4,6,6
6192,6,6,5,5
6193,0,1,2,0
6194,2,3,7,1
6195,1,6,7,9
6196,6,6,0,2
6197,2,6,1,3
6198,2,7,8,4
6199,6,0,8,3
6200,2,8,0,6
6201,3,1,5,9
6202,5,6,5,8
6203,3,0,8,4
6204,2,5,5,8
6205,2,9,5,4
6206,8,9,7,7
6207,3,7,1,2
6208,0,0,4,8
6209,2,4,9,4
6210,7,2,1,1
6211,5,1,5,8
6212,6,9,8,7
6213,9,2,6,2
6214,8,9,9,0
6215,7,1,4,3
6216,9,8,2,6
6217,4,6,4,5
6218,9,9,1,8
6219,1,7,4,2
6220,0,2,4,7
6221,7,9,0,6
6222,1,2,4,6
6223,7,4,9,4
6224,1,8,8,0
6225,8,0,3,4
6226,1,3,0,8
6227,6,8,4,3
6228,0,5,0,3
6229,2,7,7,6
6230,1,3,6,0
6231,7,4,2,1
6232,9,8,9,4
6233,6,7,7,6
6234,2,3,6,2
6235,0,2,9,9
6236,8,1,2,7
6237,1,1,7,0
6238,4,9,5,2
6239,7,4,5,2
6240,4,5,8,6
6241,5,1,0,3
6242,1,8,9,9
6243,9,0,9,8
6244,2,7,7,4
6245,8,1,6,4
6246,3,8,9,9
6247,8,4,4,6
6248,8,0,9,2
6249,2,9,0,3
6250,2,7,9,9
6251,8,7,6,6
6252,0,1,7,9
6253,4,6,4,7
6254,2,1,7,5
6255,9,7,6,0
6256,5,2,4,1
6257,3,4,1,6
6258,2,2,4,7
6259,9,3,3,4
6260,1,1,2,1
6261,9,7,9,3
6262,5,8,6,7
6263,2,8,8,2
6264,8,0,7,1
6265,8,5,4,9
6266,7,1,6,9
6267,3,0,9,0
6268,3,8,0,5
6269,0,3,6,9
6270,5,2,9,4
6271,9,5,6,6
6272,5,0,6,9
6273,3,7,9,3
6274,1,2,2,6
6275,5,8,9,7
6276,5,6,7,7
6277,5,0,5,4
6278,1,6,9,7
6279,7,4,2,5
6280,5,5,1,7
6281,4,5,3,7
6282,3,2,9,5
6283,7,7,8,0
6284,8,5,9,7
6285,0,8,5,5
6286,1,3,0,8
6287,8,3,9,3
6288,4,0,4,4
6289,5,2,8,6
6290,1,4,3,4
6291,1,1,1,5
6292,2,9,8,8
6293,9,3,9,8
6294,6,4,7,0
6295,1,1,3,4
6296,1,1,0,8
6297,6,3,7,2
6298,0,4,0,2
6299,7,2,1,9
6300,8,5,8,7
6301,3,9,1,4
6302,0,0,0,3
6303,3,4,0,0
6304,7,3,8,4
6305,5,5,6,3
6306,2,6,6,8
6307,5,3,6,7
6308,5,6,6,2
6309,8,2,8,6
6310,6,1,8,3
6311,5,3,8,4
6312,2,9,5,9
6313,8,4,6,1
6314,8,3,0,5
6315,6,2,8,3
6316,5,0,4,8
6317,6,3,0,1
6318,2,2,7,7
6319,5,9,9,7
6320,9,3,0,4
6321,7,3,7,9
6322,1,5,9,8
6323,2,7,6,2
6324,3,3,0,2
6325,8,2,8,2
6326,3,4,6,1
6327,7,0,5,9
6328,1,9,5,4
6329,1,7,6,3
6330,1,4,8,7
6331,0,9,4,5
6332,0,4,6,9
6333,3,3,8,8
6334,5,7,6,4
6335,3,9,3,3
6336,3,8,6,1
6337,1,5,5,9
6338,0,2,3,1
6339,7,1,9,7
6340,6,1,5,4
6341,7,2,7,7
6342,6,5,6,2
6343,3,9,8,9
6344,2,1,1,1
6345,8,8,6,7
6346,2,9,3,0
6347,6,9,7,7
6348,1,2,3,9
6349,9,1,9,8
6350,0,2,7,1
6351,4,0,7,7
6352,2,3,1,7
6353,1,1,8,4
6354,5,8,9,2
6355,7,6,4,8
6356,1,3,0,4
6357,5,2,3,5
6358,6,5,2,9
6359,5,7,5,1
6360,3,8,7,2
6361,0,9,5,9
6362,2,4,8,7
6363,1,2,2,8
6364,8,2,8,4
6365,9,1,1,6
6366,8,6,9,6
6367,6,1,4,7
6368,2,8,7,0
6369,2,9,8,6
6370,9,1,3,4
6371,2,4,7,3
6372,0,9,4,2
6373,8,1,0,4
6374,0,3,7,7
6375,7,4,0,5
6376,5,1,7,0
6377,4,5,8,7
6378,1,6,1,0
6379,7,1,2,4
6380,9,2,1,4
6381,0,9,4,4
6382,0,0,8,0
6383,8,8,9,5
6384,2,2,9,3
6385,2,8,6,4
6386,8,0,9,5
6387,2,6,5,1
6388,8,9,1,3
6389,2,1,9,9
6390,3,6,4,8
6391,4,1,0,8
6392,9,3,5,3
6393,2,1,3,7
6394,6,8,0,6
6395,9,3,5,8
6396,4,6,9,2
6397,6,7,2,4
6398,3,0,0,3
6399,9,3,7,2
6400,0,0,0,6
6401,5,3,8,9
6402,0,0,4,5
6403,0,7,1,0
6404,7,2,2,9
6405,7,0,2,9
6406,4,2,0,8
6407,7,3,9,0
6408,0,0,4,2
6409,2,3,6,1
6410,7,5,1,9
6411,5,6,5,1
6412,6,8,6,4
6413,5,8,6,8
6414,0,8,2,5
6415,9,5,5,0
6416,3,5,6,0
6417,4,5,1,1
6418,9,8,9,2
6419,9,4,8,2
6420,6,8,2,2
6421,8,7,6,3
6422,7,4,6,8
6423,9,1,4,6
6424,0,0,1,7
6425,6,5,9,9
6426,3,9,8,8
6427,5,0,0,4
6428,5,9,6,1
6429,6,4,9,6
6430,3,2,3,7
6431,5,4,8,5
6432,0,2,2,4
6433,2,8,1,4
6434,4,3,6,0
6435,3,9,1,8
6436,8,3,9,9
6437,3,4,8,9
6438,4,5,9,1
6439,8,6,4,0
6440,6,2,8,0
6441,3,3,6,4
6442,2,7,4,3
6443,1,0,0,2
6444,4,1,7,0
6445,2,5,1,8
6446,8,1,5,8
6447,0,5,9,7
6448,5,8,4,5
6449,3,5,6,3
6450,3,6,9,0
6451,0,2,0,7
6452,1,4,5,9
6453,9,3,1,9
6454,7,8,7,4
6455,6,1,1,8
6456,7,2,1,0
6457,0,0,4,0
6458,3,2,7,5
6459,6,1,3,5
6460,7,9,8,7
6461,1,3,2,3
6462,9,1,0,0
6463,3,3,6,0
6464,1,3,6,1
6465,8,5,9,3
6466,6,9,6,5
6467,2,0,6,4
6468,7,1,6,7
6469,7,9,6,5
6470,6,8,7,7
6471,1,3,8,0
6472,8,5,8,8
6473,4,6,7,7
6474,8,0,0,6
6475,4,6,5,6
6476,5,2,0,1
6477,5,7,3,7
6478,3,6,1,8
6479,3,6,4,4
6480,5,7,8,2
6481,1,4,6,9
6482,9,9,4,7
6483,5,9,3,0
6484,9,6,5,6
6485,2,3,8,4
6486,9,1,4,3
6487,0,3,4,8
6488,9,4,0,0
6489,4,0,1,1
6490,1,6,9,1
6491,5,5,0,5
6492,5,6,4,0
6493,2,0,4,5
6494,2,6,4,6
6495,2,3,2,2
6496,6,5,9,3
6497,2,0,4,9
6498,8,3,3,7
6499,7,5,5,6
6500,2,5,5,2
6501,7,2,8,5
6502,6,8,3,6
6503,5,2,4,0
6504,4,8,9,6
6505,4,3,6,5
6506,6,7,1,5
6507,2,2,0,8
6508,9,1,0,8
6509,7,1,3,2
6510,5,2,0,9
6511,9,3,4,5
6512,8,0,2,3
6513,7,4,8,7
6514,2,1,1,0
6515,6,2,3,2
6516,4,0,4,4
6517,9,2,8,2
6518,2,8,2,7
6519,6,5,3,3
6520,2,2,5,4
6521,4,3,8,7
6522,0,7,8,0
6523,3,7,8,7
6524,1,4,1,7
6525,9,1,1,8
6526,0,7,9,3
6527,1,9,5,1
6528,7,0,0,7
6529,5,6,2,4
6530,8,1,1,5
6531,8,4,2,4
6532,9,5,3,3
6533,4,1,6,7
6534,1,7,7,0
6535,3,9,6,6
6536,1,7,9,9
6537,2,0,5,7
6538,0,3,5,8
6539,8,4,1,2
6540,4,6,1,8
6541,1,6,0,4
6542,7,2,3,7
6543,2,3,9,0
6544,6,0,0,8
6545,1,4,9,1
6546,9,9,0,9
6547,0,2,0,5
6548,9,1,4,1
6549,7,8,2,8
6550,1,9,1,0
6551,7,8,8,9
6552,5,7,0,5
6553,5,7,4,0
6554,4,8,3,5
6555,1,1,3,0
6556,7,0,5,6
6557,3,2,3,2
6558,4,6,0,1
6559,3,8,4,8
6560,2,7,9,6
6561,6,4,1,1
6562,2,0,9,5
6563,5,7,9,4
6564,3,1,1,9
6565,4,4,8,8
6566,5,2,2,5
6567,5,2,1,1
6568,0,6,0,5
6569,9,5,6,3
6570,9,2,9,9
6571,0,7,8,4
6572,5,8,1,2
6573,8,9,0,3
6574,1,3,1,9
6575,0,9,4,6
6576,5,1,2,6
6577,3,6,6,1
6578,5,6,6,7
6579,8,4,0,7
6580,2,0,0,4
6581,8,9,2,1
6582,9,5,4,6
6583,7,1,7,8
6584,5,6,6,5
6585,4,4,2,8
6586,7,6,7,5
6587,2,4,0,5
6588,1,9,9,5
6589,1,1,3,3
6590,4,0,5,9
6591,5,7,0,9
6592,4,4,1,2
6593,2,6,6,7
6594,7,1,4,3
6595,0,3,1,3
6596,8,8,8,8
6597,3,3,6,9
6598,0,2,0,6
6599,3,0,0,5
6600,3,9,5,2
6601,3,6,3,1
6602,5,7,3,0
6603,1,0,8,8
6604,7,6,4,9
6605,3,3,4,0
6606,2,5,3,2
6607,7,2,2,0
6608,5,6,5,3
6609,8,9,6,3
6610,4,6,4,0
6611,3,2,1,2
6612,3,9,2,0
6613,1,9,7,8
6614,0,0,0,0
6615,8,2,5,3
6616,8,9,3,9
6617,2,6,1,7
6618,4,2,5,9
6619,6,2,1,7
6620,9,1,0,5
6621,6,1,9,9
6622,3,4,2,4
6623,0,5,9,6
6624,3,4,9,8
6625,5,2,1,4
6626,0,5,8,0
6627,5,8,9,2
6628,5,2,3,1
6629,0,4,7,4
6630,4,1,1,9
6631,4,3,8,6
6632,9,9,8,3
6633,0,6,8,5
6634,3,7,5,4
6635,1,7,8,6
6636,5,8,0,2
6637,1,5,9,9
6638,8,5,8,3
6639,0,1,3,5
6640,1,3,6,6
6641,2,3,2,4
6642,9,7,7,4
6643,4,4,0,9
6644,8,2,5,9
6645,6,3,8,5
6646,5,4,2,0
6647,2,3,1,5
6648,7,2,4,0
6649,0,8,9,3
6650,9,5,9,0
6651,5,4,0,0
6652,1,5,9,6
6653,0,2,3,5
6654,4,8,2,7
6655,2,3,1,7
6656,0,8,5,3
6657,3,8,8,1
6658,0,8,5,3
6659,8,9,4,2
6660,3,3,4,3
6661,1,9,4,6
6662,3,2,7,3
6663,6,7,4,4
6664,0,3,8,5
6665,9,2,6,5
6666,1,8,9,0
6667,6,3,9,8
6668,3,0,2,6
6669,9,3,7,8
6670,0,6,6,4
6671,3,8,3,9
6672,4,9,6,8
6673,1,1,7,0
6674,6,3,1,8
6675,8,1,9,4
6676,1,7,8,1
6677,0,9,4,8
6678,8,2,5,6
6679,8,2,6,1
6680,9,2,0,0
6681,0,3,8,4
6682,2,8,5,3
6683,7,0,0,6
6684,9,8,4,3
6685,1,0,8,7
6686,8,5,5,5
6687,1,4,3,1
6688,0,4,8,8
6689,2,1,9,1
6690,8,3,9,7
6691,0,7,4,5
6692,6,1,8,5
6693,8,2,2,1
6694,3,6,7,1
6695,1,6,9,5
6696,7,8,9,2
6697,9,7,2,1
6698,2,0,7,8
6699,4,4,1,7
6700,4,0,1,3
6701,7,8,5,6
6702,7,0,1,1
6703,1,8,2,0
6704,2,1,6,6
6705,7,5,5,5
6706,8,8,4,2
6707,4,8,1,1
6708,7,8,3,4
6709,6,6,9,7
6710,7,0,5,9
6711,9,6,8,6
6712,4,0,7,1
6713,1,6,7,0
6714,3,4,4,9
6715,5,3,2,3
6716,8,9,6,8
6717,2,9,4,8
6718,8,3,9,1
6719,0,0,8,1
6720,1,9,5,2
6721,8,1,5,6
6722,1,8,8,3
6723,8,8,9,2
6724,9,5,6,5
6725,1,8,9,8
6726,4,3,6,8
6727,4,1,1,6
6728,9,6,0,1
6729,6,4,1,8
6730,2,7,6,2
6731,9,8,9,9
6732,2,7,1,8
6733,9,1,1,5
6734,3,6,9,7
6735,7,3,5,7
6736,6,7,7,9
6737,7,1,4,1
6738,2,8,3,9
6739,2,3,7,0
6740,5,9,4,4
6741,9,3,1,8
6742,6,5,6,3
6743,5,0,8,4
6744,3,1,4,2
6745,3,1,7,6
6746,7,6,6,6
6747,2,4,8,2
6748,6,3,2,6
6749,0,9,7,5
6750,7,5,9,2
6751,5,3,5,4
6752,7,1,0,2
6753,4,8,0,4
6754,1,3,5,1
6755,8,1,7,4
6756,8,6,2,2
6757,2,9,4,0
6758,6,7,5,7
6759,5,2,6,1
6760,3,0,9,9
6761,1,4,7,9
6762,2,4,5,2
6763,9,1,8,1
6764,2,9,8,2
6765,5,3,5,8
6766,4,7,9,0
6767,0,1,7,2
6768,5,2,9,5
6769,5,5,5,2
6770,2,0,3,7
6771,2,3,3,7
6772,2,4,6,0
6773,7,7,8,0
6774,8,7,1,4
6775,5,4,9,3
6776,7,9,2,4
6777,5,4,5,4
6778,6,7,1,0
6779,1,5,9,2
6780,3,1,7,5
6782,3,4,9,7
6783,3,0,8,0
6784,1,0,2,7
6785,4,8,7,6
6786,5,8,3,5
6787,1,3,6,5
6788,6,0,1,4
6789,2,4,5,8
6790,5,5,4,1
6791,6,3,6,2
6792,5,1,4,0
6793,9,9,5,9
6794,9,2,8,8
6796,5,8,0,6
6797,9,6,6,0
6798,9,4,6,3
6799,1,6,2,4
6801,0,7,7,4
6803,0,5,4,9
6804,0,5,3,8
6805,4,5,9,8
6806,3,3,7,6
6807,1,8,7,1
6808,2,8,4,1
6809,5,2,6,0
6810,2,6,7,9
6811,7,9,6,1
6812,8,9,9,1
6813,6,8,6,7
6814,1,3,1,4
6815,7,6,0,4
6816,6,1,5,2
6817,8,7,2,1
6818,5,8,0,8
6819,4,7,8,7
6820,2,4,7,7
6821,7,7,2,8
6822,1,5,4,0
6823,0,0,1,2
6824,7,7,6,5
6825,5,2,8,0
6826,1,9,1,6
6827,2,9,6,4
6828,0,9,3,3
6829,7,7,1,7
6830,0,2,2,0
6831,6,3,5,2
6832,3,1,4,8
6833,6,8,9,6
6834,4,7,0,6
6835,1,3,5,0
6836,4,3,2,5
6837,5,4,4,1
6838,0,1,0,0
6839,8,6,0,7
6840,2,3,2,6
6841,8,6,1,2
6842,4,5,9,1
6843,0,5,2,3
6844,0,0,1,7
6845,4,7,1,4
6846,8,7,2,6
6847,0,1,3,7
6848,9,2,7,5
6849,9,2,2,7
6850,5,2,8,2
6851,2,9,8,1
6852,3,0,4,9
6853,6,7,2,7
6854,3,4,0,3
6855,2,1,2,3
6856,9,9,9,1
6857,3,1,1,6
6858,1,1,8,4
6859,6,4,4,4
6860,5,1,8,6
6861,4,6,9,3
6862,9,7,4,1
